restaurant_id,restaurant_name,zipcode,city
1542,Castillo LLC,456009,Guna
1178,Morgan Inc,453004,Bhopal
227,"Morse, Hayes and Anthony",477007,Jabalpur
1510,Rodgers-Nichols,418004,Ratlam
1902,Hernandez LLC,476006,Guna
247,Smith Group,474011,Gwalior
345,"Willis, Johnson and Mitchell",474008,Gwalior
642,Chandler-Moore,456004,Guna
1609,"Nelson, Chavez and Taylor",453002,Bhopal
1365,White Ltd,459010,Ujjain
1233,Davis Ltd,477012,Jabalpur
1018,Ford-Welch,472012,Indore
1000,Lynch Inc,456001,Guna
1062,"Klein, Barry and Taylor",478007,Rewa
1318,Mcdaniel Group,479012,Ujjain
1683,Walsh-Jackson,438004,Shivpuri
1186,"King, Johnson and Reyes",418001,Ratlam
1997,"Simmons, Thomas and Miller",474002,Gwalior
1558,"Matthews, Anderson and Wood",438003,Shivpuri
783,Horn-Hill,453004,Bhopal
1857,Spencer Ltd,459010,Ujjain
459,"Thomas, Mcdonald and Cox",453010,Bhopal
684,Smith Group,452003,Indore
822,Perez Ltd,418009,Ratlam
638,"Smith, Smith and Clark",458009,Rewa
1020,"Green, Jackson and Rhodes",472005,Indore
801,"Baker, Schultz and Hunt",476009,Guna
3,"Hobbs, Vincent and Stevens",452002,Indore
471,"Soto, Rodriguez and Woodard",473005,Bhopal
380,Smith Group,418004,Ratlam
218,"Gutierrez, Shepard and Grant",479007,Ujjain
48,"Norman, Smith and Spencer",452001,Indore
889,West and Sons,457002,Jabalpur
1399,Cruz-Moore,456004,Guna
1053,"Klein, Vazquez and Henderson",457003,Jabalpur
71,Short-Jacobs,474004,Gwalior
973,Jackson-Weber,452010,Indore
1842,Gilbert-Johnson,457008,Jabalpur
902,"Kennedy, Jones and Martinez",451010,Morena
1600,"Buckley, Hardy and Smith",458009,Rewa
1042,Johnston LLC,451001,Morena
410,Fitzgerald-Carter,451003,Morena
466,Armstrong Ltd,418009,Ratlam
1535,Anderson-Rose,438010,Shivpuri
1409,"Dunn, Morrow and Cunningham",452008,Indore
1170,"Morse, Lawson and Patterson",418009,Ratlam
1411,Hawkins PLC,478012,Rewa
1826,Austin-Alvarado,479009,Ujjain
1934,"Cook, Williams and Kaufman",453004,Bhopal
1484,Hansen-Dickson,479006,Ujjain
1800,"Ingram, Rodriguez and Hughes",438001,Shivpuri
357,"Hayden, Preston and Peterson",452003,Indore
1321,"Parks, Fowler and Carter",474007,Gwalior
1322,Walker and Sons,458004,Rewa
575,"Santana, Gonzalez and Mccullough",418009,Ratlam
1685,"Mendez, Miller and Torres",473006,Bhopal
1746,Gilbert-Bauer,452009,Indore
1860,"Rodriguez, Harris and Hines",477006,Jabalpur
1171,"Gill, Fry and Long",459008,Ujjain
1190,Melton Group,452001,Indore
1003,Smith-Yates,479012,Ujjain
1371,"Thompson, Shaw and Lamb",476006,Guna
1133,"Fernandez, Gomez and Murillo",476005,Guna
463,Nichols and Sons,473009,Bhopal
419,Pitts Ltd,474001,Gwalior
1418,"Oconnor, Richmond and Lynn",451001,Morena
850,"Pearson, Sanchez and Harrison",456008,Guna
1456,"Irwin, Pham and Long",459010,Ujjain
971,Kelley-Simpson,477012,Jabalpur
1359,Neal-Bernard,418006,Ratlam
1127,Jordan-Smith,451009,Morena
880,"Carson, Washington and Moore",438006,Shivpuri
1026,"Miller, Gonzalez and Carter",473006,Bhopal
1665,Nguyen Group,418006,Ratlam
267,Clark-Hahn,418001,Ratlam
382,Shepard-Lee,438004,Shivpuri
1337,"Austin, Paul and Fowler",478009,Rewa
239,"Harris, Adams and Campbell",473009,Bhopal
1058,"Payne, Stephens and Arellano",476009,Guna
1773,"Williams, Sherman and Barnes",473006,Bhopal
1524,Turner and Sons,418005,Ratlam
1954,Stewart-Davis,477009,Jabalpur
597,"Lee, Deleon and Cruz",476012,Guna
1888,Robertson Group,418006,Ratlam
694,Norris-Anderson,452004,Indore
505,Taylor and Sons,474011,Gwalior
1576,"Tran, Macdonald and Gomez",474007,Gwalior
86,Coleman Group,456001,Guna
94,Singh Group,478007,Rewa
855,Cummings-White,457001,Jabalpur
102,"Johnson, Sanchez and Gomez",418006,Ratlam
1667,"Gonzales, Davis and Cross",476006,Guna
1987,Johnson-Martin,438004,Shivpuri
1991,Randolph-Allen,451002,Morena
1063,Tucker-Brown,418001,Ratlam
457,Wilson Ltd,452008,Indore
1696,Lewis-Williams,456010,Guna
1828,Sanders Ltd,438001,Shivpuri
532,Matthews-Morton,418005,Ratlam
1787,Lee Ltd,459010,Ujjain
934,Palmer-Nguyen,474004,Gwalior
641,"Berg, Wilson and Erickson",459004,Ujjain
593,"Casey, Graves and Boone",476007,Guna
1248,Turner-Ramirez,457002,Jabalpur
567,"Short, Cuevas and Lawrence",451009,Morena
503,"Mullins, Adams and Nguyen",418010,Ratlam
1401,Robertson-Smith,418009,Ratlam
918,Oconnell-Austin,473012,Bhopal
1031,Schneider-Chapman,438004,Shivpuri
133,Love Ltd,451003,Morena
1639,"Turner, Cook and Fuller",438005,Shivpuri
1492,Clark Group,418001,Ratlam
1305,"Best, Butler and Jennings",438001,Shivpuri
1847,Mcdonald-Jones,474011,Gwalior
88,"Moore, Clark and Jimenez",474005,Gwalior
878,"Lambert, Graham and Campbell",452009,Indore
616,"Carter, Owens and Barnett",452008,Indore
592,Davis and Sons,456010,Guna
1901,Thompson PLC,459010,Ujjain
930,Nelson-Garcia,458010,Rewa
1920,Johnson Inc,472005,Indore
370,Joseph-Velazquez,477007,Jabalpur
406,"Bentley, Williams and Marshall",476005,Guna
569,Cooper and Sons,457001,Jabalpur
1638,"Dean, James and Edwards",438009,Shivpuri
1316,Terrell-Johnson,456003,Guna
488,Larson and Sons,418007,Ratlam
1937,Gregory Inc,479009,Ujjain
1198,Hoffman-Raymond,451001,Morena
35,Mitchell and Sons,453001,Bhopal
1943,"Barnes, Ferguson and Elliott",452004,Indore
1817,"Carter, Alvarado and Cameron",453009,Bhopal
44,Harrison-Hart,418009,Ratlam
787,Brown PLC,451009,Morena
291,"Kelly, Archer and Wright",418001,Ratlam
1244,"Golden, Guerra and Pugh",471012,Morena
1323,Burch-Mcclain,438010,Shivpuri
287,Clark and Sons,478012,Rewa
354,Duncan PLC,458002,Rewa
856,"Wilkins, Williams and Bauer",451008,Morena
116,Curry PLC,418009,Ratlam
1586,"Jenkins, Newman and Kline",477009,Jabalpur
1805,"Rodriguez, Phelps and Stephens",451009,Morena
303,Hernandez Inc,453003,Bhopal
1584,"Powell, Lowe and Martin",418001,Ratlam
127,Brown-Hunter,438010,Shivpuri
156,Booth-Cruz,456004,Guna
111,"Keller, Collins and Murillo",479006,Ujjain
631,Mendoza-Sanchez,457003,Jabalpur
1148,Roberts-Ramos,471005,Morena
547,Riddle Ltd,479005,Ujjain
566,Hall-Gross,438012,Shivpuri
630,Price-Banks,473006,Bhopal
79,"Vasquez, Sanders and Le",457004,Jabalpur
1504,"Salazar, Maldonado and Swanson",474002,Gwalior
27,Brown Inc,453002,Bhopal
699,"Logan, Wilson and Williams",418006,Ratlam
1636,"Roman, Fitzpatrick and Edwards",474012,Gwalior
1963,Tyler PLC,438005,Shivpuri
1993,"Boone, Miller and Brown",456003,Guna
1554,"Donovan, Khan and Ryan",479012,Ujjain
1043,Miller-Burton,458004,Rewa
1021,Cook Ltd,478007,Rewa
976,Ruiz and Sons,477012,Jabalpur
1091,Perez-Mitchell,456001,Guna
415,"Lawson, Dean and Mercado",456001,Guna
1793,"Sanchez, Patel and Taylor",473005,Bhopal
1813,"Garcia, Mclaughlin and Foster",418009,Ratlam
1311,"Miller, Ferguson and Fitzgerald",418008,Ratlam
1945,Johnson Group,477012,Jabalpur
1896,"Moore, Waller and Spencer",438003,Shivpuri
8,Webb Group,473012,Bhopal
229,Adkins LLC,453008,Bhopal
690,Jimenez Ltd,418004,Ratlam
1522,"Woods, Aguilar and Maldonado",474007,Gwalior
328,"Hall, Mcgee and Byrd",458010,Rewa
1041,"Jordan, White and Lang",472009,Indore
1402,Parks-Galloway,477006,Jabalpur
1761,"Johnson, Zuniga and Joyce",459003,Ujjain
995,Lopez Inc,452003,Indore
987,Rivas Group,418007,Ratlam
1082,"Smith, Goodwin and Hawkins",471009,Morena
1904,Wilkinson and Sons,458010,Rewa
432,"Hogan, Hale and Smith",418009,Ratlam
1361,"Richardson, Rose and Allen",452001,Indore
565,Brennan Ltd,452009,Indore
112,"Garcia, Gilbert and Rodriguez",457010,Jabalpur
2,"King, Moore and Trujillo",438004,Shivpuri
1247,Castro-Graham,418012,Ratlam
1189,"Barker, Morse and Newman",438007,Shivpuri
228,Little Group,438008,Shivpuri
805,Ross LLC,478009,Rewa
994,Andrade and Sons,418004,Ratlam
619,Hunter-Lopez,459002,Ujjain
103,"Brennan, Elliott and Taylor",457010,Jabalpur
89,Curtis Group,458008,Rewa
559,"Barnett, Tate and Melton",458010,Rewa
1933,Rubio-Powers,473009,Bhopal
1301,"Flynn, Brown and Price",459008,Ujjain
1911,Hooper Inc,474008,Gwalior
953,Reeves and Sons,474001,Gwalior
534,Martinez and Sons,474010,Gwalior
1157,"Franco, Larsen and Day",472006,Indore
1972,Hunt-Reed,418012,Ratlam
211,King-Wood,453003,Bhopal
1,Olson-Rivera,452004,Indore
1111,Carr Inc,472005,Indore
242,Reed-Johnson,458001,Rewa
158,"Alvarado, Taylor and Mitchell",478005,Rewa
917,"Underwood, Bush and Robbins",458009,Rewa
39,"Lee, Morales and Wolf",474001,Gwalior
317,"Wilson, Kemp and Jensen",438009,Shivpuri
1191,Norris Ltd,457001,Jabalpur
326,"Ayala, Berry and Robbins",452009,Indore
1758,King PLC,474003,Gwalior
1496,"Baldwin, Brooks and Conrad",459001,Ujjain
1296,Martinez-Ramsey,473012,Bhopal
238,Harrison LLC,452008,Indore
1656,"Davis, Schmitt and Schmidt",456008,Guna
804,Fleming-Kirk,458003,Rewa
321,"Perez, Silva and Tran",474004,Gwalior
981,Wright-Johnston,477007,Jabalpur
80,Dixon-Smith,457008,Jabalpur
165,Sandoval Ltd,477006,Jabalpur
1261,Cruz and Sons,438005,Shivpuri
738,Hill-Huffman,474010,Gwalior
846,"Craig, Richmond and Escobar",456010,Guna
385,Kelley LLC,453008,Bhopal
1064,"Greene, Obrien and Perry",438008,Shivpuri
1197,Brown Inc,472012,Indore
60,"Kim, Butler and Wolfe",473006,Bhopal
1999,Simmons-Webb,451009,Morena
965,Brooks-Roberts,478005,Rewa
933,Williams Ltd,418010,Ratlam
1434,Walker-Duncan,452002,Indore
1499,Brown and Sons,473006,Bhopal
526,"Hunter, Montoya and Greer",479007,Ujjain
1219,Small Inc,459002,Ujjain
216,Rogers LLC,458003,Rewa
253,Lopez-Miller,418012,Ratlam
763,Delacruz PLC,418012,Ratlam
1172,Carter-Anderson,457004,Jabalpur
478,"Jimenez, Davidson and Bates",474009,Gwalior
1356,Burton Ltd,472007,Indore
1309,"Garcia, Ewing and Edwards",418002,Ratlam
13,"Rubio, Gibson and Casey",418005,Ratlam
1614,"Thompson, Lowe and Guerra",474007,Gwalior
173,"Smith, Hancock and Shaffer",478009,Rewa
43,Jackson-Webb,472006,Indore
1069,"Wells, Santos and Pacheco",477009,Jabalpur
1201,Zimmerman-Sanders,438009,Shivpuri
728,"Gonzalez, Gutierrez and Lang",453010,Bhopal
1279,Barrett LLC,452003,Indore
1812,Sanchez-Norman,453004,Bhopal
439,Burgess and Sons,452003,Indore
1343,"Graham, Davis and Diaz",472006,Indore
1071,"Ford, Wallace and Turner",451001,Morena
771,Turner-Atkinson,473009,Bhopal
1363,"Kennedy, Wheeler and Choi",438009,Shivpuri
1203,Aguilar-Cruz,474007,Gwalior
1250,"Chaney, Mays and Brown",474010,Gwalior
1733,Robinson Inc,477006,Jabalpur
762,Schmidt-Gardner,418003,Ratlam
1438,Smith LLC,418007,Ratlam
1306,Jackson Ltd,471005,Morena
774,"Shaffer, Richards and Davis",472012,Indore
375,"Key, Ferguson and Blanchard",474009,Gwalior
521,"Gardner, Mills and Camacho",476005,Guna
1630,"Martin, Gallagher and Simpson",477007,Jabalpur
869,Simmons Ltd,457002,Jabalpur
1722,Sanchez Inc,451003,Morena
1498,Reynolds-Scott,451002,Morena
494,Hardy-Johnson,457009,Jabalpur
115,Bauer Inc,458003,Rewa
1839,"Cooper, Reyes and Hicks",474001,Gwalior
1423,Garcia Inc,473005,Bhopal
985,Andrade-Hill,471006,Morena
1653,Espinoza-Davis,474008,Gwalior
1240,"Sanders, Robinson and Schwartz",478005,Rewa
96,Campos PLC,479005,Ujjain
162,Lane-Mitchell,457001,Jabalpur
1749,Robertson-Galloway,456002,Guna
712,Pham Ltd,438003,Shivpuri
737,Alexander PLC,418001,Ratlam
1378,"Wilson, Richardson and Valentine",459002,Ujjain
33,Harrison PLC,477012,Jabalpur
1676,Smith and Sons,477007,Jabalpur
123,Clarke-Fischer,438009,Shivpuri
248,"Hopkins, Williams and Frazier",458002,Rewa
74,Dunn-Hurst,479012,Ujjain
484,Zimmerman-Wood,452001,Indore
1724,"Ibarra, Wilson and Brown",451002,Morena
198,"Day, Simmons and Warren",452001,Indore
1167,Nunez PLC,438003,Shivpuri
1398,"Davis, Porter and Castillo",438010,Shivpuri
1703,Moore Ltd,452004,Indore
1283,Mejia and Sons,453009,Bhopal
793,Mendoza PLC,438004,Shivpuri
722,"Jones, Kaufman and Martin",471007,Morena
458,Long and Sons,418005,Ratlam
92,Gomez Inc,459008,Ujjain
252,"Miller, Hernandez and Lawson",452004,Indore
1348,Nolan Ltd,453008,Bhopal
1520,Scott and Sons,452001,Indore
1210,Roberts Inc,438001,Shivpuri
657,Thomas Inc,418005,Ratlam
1868,"Miller, Larson and Chung",459001,Ujjain
1255,Carson-Hill,451002,Morena
931,"Hayes, Bond and Beltran",478005,Rewa
756,Hess-Simpson,472006,Indore
456,Morse-Hall,451002,Morena
1364,Harris PLC,478007,Rewa
367,Torres-Ramos,458010,Rewa
1898,Miller LLC,456002,Guna
673,"Hill, Gray and Davis",438002,Shivpuri
696,Nelson Ltd,453010,Bhopal
1623,"Norris, Burton and Smith",418007,Ratlam
735,Marsh-Young,451002,Morena
864,Knox PLC,473006,Bhopal
794,Lee PLC,451008,Morena
754,Garcia Ltd,474009,Gwalior
468,Hart-Hubbard,479009,Ujjain
1299,Bright PLC,438007,Shivpuri
540,Williams-Valdez,453004,Bhopal
1222,Baker-Bean,418009,Ratlam
1946,Hunt LLC,472006,Indore
272,Anderson Group,477005,Jabalpur
1295,Donovan PLC,478012,Rewa
1628,"Scott, Carroll and Jackson",418004,Ratlam
706,"Bernard, Simpson and Jenkins",438003,Shivpuri
431,Moore Inc,474006,Gwalior
1691,Medina PLC,472007,Indore
509,"Beltran, Chaney and Clark",474012,Gwalior
1037,Patterson Ltd,456009,Guna
833,Dunn LLC,474012,Gwalior
1666,"Cruz, Andrews and Santiago",476006,Guna
257,Pearson-Oconnor,471009,Morena
1282,Ramirez Ltd,472007,Indore
583,Smith Inc,478006,Rewa
144,Alvarez-White,438009,Shivpuri
1613,"Coleman, Savage and Luna",473007,Bhopal
117,Austin LLC,459002,Ujjain
522,Manning-Patterson,458008,Rewa
1939,Taylor-Smith,474011,Gwalior
1125,"Mccann, Hill and Kennedy",456001,Guna
674,"Perez, Smith and Miles",476007,Guna
1935,Lawrence LLC,459002,Ujjain
1374,Vargas LLC,451002,Morena
476,Mcfarland-Callahan,474012,Gwalior
1681,Johnson-Barnes,479007,Ujjain
184,"Hays, Huff and Johnson",458001,Rewa
600,Herman PLC,459003,Ujjain
1146,Mitchell and Sons,418007,Ratlam
453,Snyder Group,456001,Guna
249,Garcia-Thornton,453008,Bhopal
1276,Moore and Sons,473006,Bhopal
1482,Mendoza-Cook,474002,Gwalior
1982,Ramos-Anderson,451010,Morena
1867,Herrera Group,456004,Guna
1869,Curry-Velez,456009,Guna
951,Woods LLC,458009,Rewa
110,Gay LLC,474001,Gwalior
1429,Haley-Graham,438002,Shivpuri
716,Villarreal LLC,478009,Rewa
1047,Flores-Aguirre,472006,Indore
515,"Rodriguez, Rodriguez and Jones",457003,Jabalpur
1530,Olson-Campbell,418008,Ratlam
1097,"Carter, Johns and Taylor",456008,Guna
537,Armstrong-Mason,479009,Ujjain
416,"Finley, Copeland and Henson",459003,Ujjain
1017,"Allison, Williams and Bush",456004,Guna
788,Gonzales-White,438004,Shivpuri
1592,"Jackson, Stein and Jackson",472012,Indore
73,Ramirez-Stewart,458001,Rewa
1555,Reyes LLC,453003,Bhopal
1098,Sexton LLC,458001,Rewa
1263,"Wong, Berger and Flowers",472007,Indore
927,"Nelson, Jennings and Chapman",452001,Indore
950,White Ltd,456001,Guna
1821,"Rhodes, Johnson and Wade",478012,Rewa
818,Turner Ltd,452001,Indore
70,Mccormick-Rush,458004,Rewa
1736,Davies-Diaz,479005,Ujjain
1701,"Pena, Martin and Wheeler",452010,Indore
639,"Myers, Mcintyre and Gonzalez",478005,Rewa
1293,Williams Group,452002,Indore
1115,"Mcdowell, Whitney and Wilson",473009,Bhopal
792,Hernandez-Mathis,418009,Ratlam
736,"West, Freeman and Miller",474007,Gwalior
1594,"Sanders, Miller and Hernandez",418003,Ratlam
1563,Raymond-Sherman,457003,Jabalpur
704,Hicks-Koch,459008,Ujjain
436,Allen Inc,451002,Morena
778,"Gates, Maynard and Moore",474001,Gwalior
1497,Dominguez-Ramos,473012,Bhopal
800,Carr Inc,479006,Ujjain
501,Leach-King,474009,Gwalior
258,"Lewis, King and Williams",418009,Ratlam
812,Ashley-Daniels,471007,Morena
742,Hodges-Smith,451009,Morena
885,Stafford Ltd,456008,Guna
324,"Johnson, Harrington and Sutton",452010,Indore
851,Banks Group,472007,Indore
1117,Rogers PLC,452008,Indore
1649,Guzman-Torres,453008,Bhopal
680,"Edwards, Aguirre and Shepherd",473005,Bhopal
399,Olson-Garcia,472012,Indore
341,"Pratt, Estrada and Nunez",459010,Ujjain
1866,Simmons Group,458002,Rewa
1410,Ryan LLC,418004,Ratlam
1376,Spence PLC,458001,Rewa
1214,"Estrada, Johnson and Brennan",458003,Rewa
412,Richmond-Townsend,459002,Ujjain
835,Jones Group,418009,Ratlam
1272,"Miller, Miller and Collins",452008,Indore
334,"Roberts, Phillips and Turner",474011,Gwalior
1587,Callahan LLC,477007,Jabalpur
1881,"Ortiz, Branch and Davidson",418002,Ratlam
718,"Obrien, Diaz and Murphy",473007,Bhopal
93,"Frank, Williams and Willis",453003,Bhopal
1523,Martin-Coleman,418009,Ratlam
1734,Rodriguez PLC,451003,Morena
1483,Graham-Hernandez,457008,Jabalpur
85,Hernandez-Clark,478006,Rewa
1259,"Wood, Rodgers and Ferguson",478012,Rewa
1582,Ochoa Group,453004,Bhopal
520,"Mccullough, Obrien and Mcgrath",474004,Gwalior
1132,Gonzalez Group,476012,Guna
300,"Haley, Guerrero and Pineda",418009,Ratlam
1074,"Mendez, Diaz and Olson",473009,Bhopal
1973,Martin Group,452010,Indore
884,"Byrd, Silva and Maxwell",471005,Morena
295,Morrison-Hinton,473012,Bhopal
910,"Hughes, Smith and Sanchez",474001,Gwalior
1797,"Tucker, Petersen and Stevenson",418008,Ratlam
1644,Crosby Ltd,474002,Gwalior
1505,Huerta Inc,479005,Ujjain
555,Vasquez LLC,471012,Morena
124,Guzman Inc,438009,Shivpuri
647,"Young, Kaufman and Jackson",478005,Rewa
1827,"Parker, Brown and Jennings",418005,Ratlam
701,Lewis-Kim,474002,Gwalior
1602,Ramos LLC,471006,Morena
142,"Lopez, Parks and Roberts",472005,Indore
1658,Hernandez Group,457009,Jabalpur
1689,Nash-Phillips,477007,Jabalpur
1444,"West, Bass and Crawford",452001,Indore
95,Hernandez and Sons,474002,Gwalior
838,Edwards LLC,457008,Jabalpur
708,Frederick Ltd,452008,Indore
1476,Davidson Ltd,418009,Ratlam
1199,Molina-Anderson,474012,Gwalior
1886,Nelson Ltd,472007,Indore
1350,Hamilton-Prince,479009,Ujjain
1655,Lewis Ltd,458001,Rewa
1160,"Harris, Barnes and Trujillo",474006,Gwalior
1624,Drake-Richards,418009,Ratlam
671,Mitchell-Barnes,472012,Indore
1709,Williams-Rivera,474012,Gwalior
1428,Bell-Lewis,458008,Rewa
524,"Taylor, Nelson and Johnson",438006,Shivpuri
662,Mitchell-Cook,418002,Ratlam
1580,Murphy PLC,458001,Rewa
1324,Wright-Lee,452008,Indore
1077,Cochran Group,458001,Rewa
462,"Roberts, Cowan and Mccullough",458003,Rewa
635,Howard-Gibbs,479009,Ujjain
1136,"Wilson, Valenzuela and Grant",452001,Indore
1947,Murphy and Sons,451009,Morena
374,Sims Group,472009,Indore
1420,"Harrison, Martin and Munoz",476007,Guna
64,Lawrence Group,472006,Indore
1508,Cooper Group,451010,Morena
1610,"Stafford, Thompson and Bates",452010,Indore
1474,"Woodward, Martinez and Lee",474009,Gwalior
246,"Phillips, Harvey and Merritt",453003,Bhopal
543,Rojas-Richard,459008,Ujjain
636,"Garrison, Allen and Burns",472005,Indore
723,Blackburn-Black,457008,Jabalpur
743,Williams-Saunders,458003,Rewa
1877,"Hudson, Duncan and Edwards",474005,Gwalior
30,Wilson Group,472012,Indore
888,"Lee, Simpson and Taylor",471007,Morena
1253,Sullivan PLC,418008,Ratlam
932,Bell-Morales,453010,Bhopal
938,Pierce Ltd,457008,Jabalpur
1284,Myers Ltd,459008,Ujjain
1593,"Mitchell, Watson and Charles",418006,Ratlam
1915,Dodson-Elliott,457001,Jabalpur
640,"Kelly, Taylor and Spence",479006,Ujjain
627,"Martinez, Jones and Hinton",458001,Rewa
1810,Skinner-Reeves,471009,Morena
1056,Martin LLC,459001,Ujjain
959,Crawford LLC,458003,Rewa
1790,Peterson PLC,451002,Morena
1084,Jones-Gibson,473009,Bhopal
1738,Morris-Kramer,451010,Morena
866,Johnson-Kelley,474001,Gwalior
677,Patel PLC,418004,Ratlam
595,Griffith-Smith,418004,Ratlam
417,Vargas-Sanders,456004,Guna
669,"Leon, Stewart and Wallace",479006,Ujjain
1458,"Davis, Peterson and Dunn",459008,Ujjain
1702,Townsend-Summers,477006,Jabalpur
1224,"Macdonald, Salazar and Baker",479009,Ujjain
504,"Hayes, Craig and Morrison",474002,Gwalior
1955,"Green, Kelly and Burch",478009,Rewa
1220,Hernandez PLC,451001,Morena
896,"Kramer, Thomas and Patrick",478009,Rewa
346,"Hogan, Padilla and English",438003,Shivpuri
1461,"Baker, Barton and Hunter",451001,Morena
1631,Frazier LLC,456008,Guna
141,Kim PLC,458002,Rewa
790,"Sullivan, Proctor and Jenkins",476005,Guna
212,Garcia LLC,418001,Ratlam
1700,"Adkins, Dorsey and Robinson",471006,Morena
848,Lewis Ltd,453001,Bhopal
517,Beck-Peterson,456008,Guna
193,"Flores, Hunt and Rodriguez",418007,Ratlam
1110,Meyer Ltd,477006,Jabalpur
72,Hawkins PLC,459003,Ujjain
586,"Smith, Reid and Bell",474006,Gwalior
1629,Russell-Smith,472005,Indore
485,Martin-Lyons,418009,Ratlam
5,"Wells, Pham and Hansen",418002,Ratlam
1569,Washington Ltd,452009,Indore
1916,Gibson-Shaw,456008,Guna
831,"Dawson, Castillo and Murphy",456001,Guna
1228,King Inc,451002,Morena
311,"Delgado, Hess and Peterson",456002,Guna
568,Smith-Mack,458004,Rewa
1297,"Rivas, Reed and Hess",418002,Ratlam
1770,Wright Group,473007,Bhopal
1527,"Hodge, Palmer and Mitchell",453009,Bhopal
653,"Davis, Fernandez and Willis",476007,Guna
1452,Palmer PLC,477009,Jabalpur
155,Holland-Fields,458004,Rewa
1383,Gonzalez PLC,457002,Jabalpur
1218,Gates-Aguirre,473007,Bhopal
535,Curry Inc,451009,Morena
1872,Boyd PLC,474008,Gwalior
518,Bell-Jimenez,472012,Indore
816,"Shelton, Singleton and Mendez",438006,Shivpuri
1970,Caldwell-Marquez,479009,Ujjain
1743,Salazar Inc,452009,Indore
551,"Harding, Butler and Lawrence",418003,Ratlam
1421,Dominguez and Sons,476007,Guna
1268,Wagner and Sons,477005,Jabalpur
624,"Flynn, Lawrence and Kelly",457004,Jabalpur
1751,Hood Ltd,476005,Guna
837,Parks-Crawford,459008,Ujjain
232,"Quinn, Horne and Powell",456002,Guna
1045,Haley-Johnson,459010,Ujjain
1989,Anderson Group,452009,Indore
1932,Cunningham-Rios,457009,Jabalpur
480,"Lopez, Richards and Hernandez",474011,Gwalior
1209,Wood Group,456008,Guna
254,Summers-Chung,476006,Guna
1116,Hobbs-Weaver,456002,Guna
1372,"Murphy, Nixon and Mills",479009,Ujjain
1603,Brooks Inc,474008,Gwalior
719,Avila-Miller,438005,Shivpuri
422,"Johnson, Petty and Hines",474001,Gwalior
1075,"Williams, Hill and Cain",451009,Morena
322,Walker and Sons,438004,Shivpuri
946,Wilson-Nguyen,458008,Rewa
1093,"Macias, Brown and Hawkins",452001,Indore
1984,Campbell Group,478009,Rewa
739,Hutchinson-Olson,438012,Shivpuri
1044,Banks-Ford,418008,Ratlam
348,Carrillo Ltd,418003,Ratlam
464,"Lewis, Olson and Burke",456008,Guna
700,Richardson Inc,459002,Ujjain
945,Richardson Inc,474011,Gwalior
1959,Smith-Davis,456003,Guna
1080,"Lewis, Gomez and Sanchez",456003,Guna
1213,Sanchez-Mcdaniel,438012,Shivpuri
1807,"Sloan, Williams and White",452004,Indore
199,Johnson-Wang,457002,Jabalpur
407,Fritz-Young,438002,Shivpuri
1906,Carter-Wilson,474009,Gwalior
573,"Rogers, Smith and Burton",438001,Shivpuri
765,Williams Inc,451009,Morena
377,Stewart Group,459010,Ujjain
1612,"Wright, Price and Austin",453008,Bhopal
131,Terry PLC,472006,Indore
1086,Romero and Sons,477005,Jabalpur
1883,"Jones, Thomas and Jones",418010,Ratlam
1707,Orozco-Green,478009,Rewa
1223,"Melton, Rodriguez and Johnson",452001,Indore
1511,Carr PLC,438009,Shivpuri
825,King LLC,418007,Ratlam
21,"Hunt, Johnson and Hurst",472012,Indore
1840,"Owens, Hall and Salazar",452003,Indore
222,Hill LLC,472012,Indore
1139,Wang-Patton,418009,Ratlam
1893,Pennington-Jennings,473005,Bhopal
1404,"Miller, Green and Reynolds",453009,Bhopal
169,"Moore, Miller and Nolan",478007,Rewa
854,Castro-Thompson,459010,Ujjain
602,Huber-Buchanan,474009,Gwalior
1566,Fitzgerald PLC,472005,Indore
1608,"Wise, Reed and Hansen",473007,Bhopal
235,"Bond, Myers and Cunningham",453002,Bhopal
168,"Rivera, Rivera and Campos",477009,Jabalpur
1005,Woods PLC,478007,Rewa
1370,"Meyers, Lozano and Rowe",476012,Guna
1675,"Wilson, Parker and Matthews",456004,Guna
1648,Jenkins Ltd,473009,Bhopal
1011,"Thompson, Lewis and Ayala",438009,Shivpuri
1046,Wilson LLC,474008,Gwalior
1134,Webster Ltd,477007,Jabalpur
847,"Thomas, Byrd and Hubbard",474010,Gwalior
460,Guzman-Trujillo,472007,Indore
378,"Hammond, Frazier and Smith",438007,Shivpuri
717,Reynolds and Sons,418006,Ratlam
527,"Olsen, King and Cox",418010,Ratlam
342,Wiggins-Gill,472005,Indore
502,Anderson-Garcia,418012,Ratlam
820,Potter LLC,453008,Bhopal
231,"Taylor, Johnston and Thompson",458001,Rewa
145,"Durham, Holland and Gutierrez",456008,Guna
153,"Fox, Martinez and Gonzalez",418009,Ratlam
977,Hughes Inc,458004,Rewa
757,"Bryan, Yang and Anderson",459001,Ujjain
65,Weaver Ltd,458009,Rewa
304,"Waller, Murray and Moody",474002,Gwalior
1234,"Smith, Lee and Brown",459001,Ujjain
1564,Cline and Sons,456001,Guna
585,Gutierrez Group,453009,Bhopal
666,"Simpson, Khan and Welch",453001,Bhopal
1512,Morton-Miller,479007,Ujjain
1331,West LLC,458004,Rewa
806,Green-White,438009,Shivpuri
791,"Trujillo, Jones and Mahoney",474008,Gwalior
160,Calhoun-Evans,451004,Morena
1049,Munoz-Castro,474007,Gwalior
331,Strong Ltd,474007,Gwalior
721,"Wood, Rogers and Tapia",451004,Morena
1731,Perez Inc,418010,Ratlam
1267,"Perez, Williams and Ramos",477005,Jabalpur
433,Sanchez PLC,458001,Rewa
2000,Griffin-Sims,459001,Ujjain
1054,Davis-Lopez,474011,Gwalior
1039,"Colon, Richardson and Morris",476005,Guna
307,Watkins-Williams,472007,Indore
1027,Ellis Ltd,453009,Bhopal
1575,"Love, Blackwell and Fuller",458009,Rewa
1495,"Ruiz, Moon and Ross",458001,Rewa
318,"Sampson, Brown and Peterson",459009,Ujjain
947,"Walton, Sanchez and Murphy",457008,Jabalpur
336,Daniel-Jones,458004,Rewa
1637,Velazquez and Sons,459009,Ujjain
1509,"Cooper, Haney and Johnson",474007,Gwalior
1270,Hendricks-Thompson,474001,Gwalior
1541,Lambert LLC,452001,Indore
1302,Shaffer-Taylor,418002,Ratlam
652,Macias-Carter,457010,Jabalpur
237,Rivera-Snyder,438010,Shivpuri
1477,Steele Group,472006,Indore
1814,"Randall, Summers and Nguyen",438008,Shivpuri
1304,Garcia-Molina,474011,Gwalior
1642,"Smith, Beck and Green",456009,Guna
829,Rhodes-Foster,474009,Gwalior
1879,Velez-Fox,457004,Jabalpur
1664,Chang-Hamilton,479009,Ujjain
1772,Burch LLC,457009,Jabalpur
225,Dillon-Carter,474011,Gwalior
1193,"West, Garcia and Wiggins",451001,Morena
473,"Santiago, Watson and Davidson",458001,Rewa
352,Miller and Sons,438002,Shivpuri
1547,James-Holland,452001,Indore
1940,Gutierrez-Brown,456004,Guna
1776,Dunlap LLC,418001,Ratlam
901,Combs-Wilson,452004,Indore
401,Lee-Dixon,456002,Guna
1895,"Mejia, Walker and Powell",473005,Bhopal
427,"Copeland, Tanner and Moore",474005,Gwalior
1408,Hensley-Ross,418006,Ratlam
58,Howard LLC,474008,Gwalior
392,Santos LLC,476007,Guna
1838,Campbell-Meadows,418001,Ratlam
599,"Torres, Smith and Salazar",478007,Rewa
1769,Williams Inc,479012,Ujjain
1908,Kim-Ramirez,456010,Guna
1396,"Rice, Brown and Taylor",451001,Morena
1941,Brown Group,452010,Indore
1464,"Aguilar, Gross and Mann",474008,Gwalior
1122,King Ltd,457008,Jabalpur
122,Klein-Smith,418012,Ratlam
356,Graham-Wong,451001,Morena
1457,Rasmussen Ltd,458008,Rewa
243,Ramos Inc,418001,Ratlam
1705,Parker Inc,473012,Bhopal
1414,Morales-Little,438010,Shivpuri
1245,"Roberts, Walker and Colon",477005,Jabalpur
1468,"Jones, Johnston and Abbott",438006,Shivpuri
403,Robinson LLC,451009,Morena
685,"Small, Wright and Mullen",451008,Morena
1352,"Smith, Lee and Marsh",456001,Guna
1620,Andersen and Sons,438002,Shivpuri
219,Nunez-Byrd,418003,Ratlam
711,Patterson-Hamilton,418009,Ratlam
1455,Rush-Meyer,418008,Ratlam
1784,"Stephenson, Bush and Perez",453003,Bhopal
698,Walter and Sons,474001,Gwalior
1390,Mendez LLC,478009,Rewa
320,Ball-Kennedy,438006,Shivpuri
1627,Brock and Sons,459003,Ujjain
860,"Walters, Brown and Taylor",456004,Guna
1087,Smith Ltd,478012,Rewa
707,Benitez LLC,478005,Rewa
1095,Hill Ltd,418007,Ratlam
676,"Curtis, Stokes and Kelly",438003,Shivpuri
470,"Woods, Russo and Perez",479006,Ujjain
876,"Hernandez, Walker and Rodriguez",438009,Shivpuri
289,Murray PLC,476006,Guna
1852,West-Mckenzie,472007,Indore
1179,"Brown, Figueroa and Weber",478009,Rewa
1145,Maxwell-Oliver,457001,Jabalpur
11,Williams PLC,473012,Bhopal
38,Lewis-Garcia,459001,Ujjain
1849,"Garcia, Scott and Williams",474008,Gwalior
914,Ruiz and Sons,418006,Ratlam
1278,"Zuniga, Ellis and Brown",453003,Bhopal
1375,Lopez-Sanchez,479005,Ujjain
601,Washington PLC,459008,Ujjain
803,Kelly Group,418009,Ratlam
34,Sanchez-Williams,474004,Gwalior
1741,"Davis, Cervantes and Anderson",471006,Morena
276,Butler PLC,478006,Rewa
1231,"Thomas, Duncan and King",453003,Bhopal
154,"Morgan, Allen and James",479005,Ujjain
1803,Mills-Howell,456008,Guna
1538,"Massey, Miller and Dickson",438004,Shivpuri
609,Vega-Lewis,477007,Jabalpur
1570,Lopez-Henson,457001,Jabalpur
1752,King Inc,438003,Shivpuri
753,Clarke-Williams,418005,Ratlam
648,Wright-Rogers,477007,Jabalpur
205,"Kaiser, Schultz and Walker",474012,Gwalior
552,Campbell PLC,479007,Ujjain
1875,Tucker Inc,438001,Shivpuri
1663,Fisher-Smith,477006,Jabalpur
1719,Hicks-Nunez,438004,Shivpuri
691,White-Rhodes,438005,Shivpuri
590,Hobbs Group,456010,Guna
268,Jordan Ltd,452009,Indore
881,Sanchez Inc,474007,Gwalior
87,Kelly PLC,453010,Bhopal
679,Chandler LLC,457001,Jabalpur
1721,Schmidt-Ryan,438001,Shivpuri
338,Howard LLC,451002,Morena
1480,"Wallace, Johnson and Marshall",452003,Indore
1673,Bryant Group,476005,Guna
1183,"Dorsey, Peck and Jackson",458008,Rewa
1382,Acosta-Evans,457003,Jabalpur
998,Pineda and Sons,457008,Jabalpur
610,"Watkins, English and Montgomery",472009,Indore
1926,Owens-Cooper,438001,Shivpuri
1430,Martin-Smith,452010,Indore
302,Payne LLC,471005,Morena
1155,Smith LLC,456008,Guna
194,"Wolf, Vargas and Davis",457010,Jabalpur
91,"Maxwell, Stone and Ramirez",479006,Ujjain
1885,Graham-Orozco,474011,Gwalior
45,Johnson-Santana,476006,Guna
578,Norman PLC,438009,Shivpuri
1243,Hernandez PLC,438006,Shivpuri
1626,"Gonzalez, Joyce and Jacobs",438001,Shivpuri
12,"Williams, Shepherd and Baker",459003,Ujjain
948,Peterson PLC,456009,Guna
190,"Poole, Sosa and Phillips",438010,Shivpuri
313,Perez-Martinez,458003,Rewa
1326,Martin Group,451009,Morena
1089,Douglas PLC,478012,Rewa
1442,"Moss, Wood and Ramirez",459009,Ujjain
1596,Hayden-Collins,471009,Morena
22,Salazar Inc,451009,Morena
1287,"Walker, Michael and Pierce",472007,Indore
845,"Blevins, Garcia and Coleman",459001,Ujjain
106,Mills-Rich,452001,Indore
448,"Vega, Garrett and Rodriguez",438012,Shivpuri
283,Collins-Townsend,418012,Ratlam
613,Vazquez-Cole,479009,Ujjain
186,Flores Ltd,451009,Morena
1979,Steele-Ramos,474008,Gwalior
1163,"Simmons, Gutierrez and Baird",471007,Morena
548,"Richardson, Green and White",458008,Rewa
1818,"Brown, Smith and Allen",456001,Guna
923,"Cohen, Stevens and Hernandez",456003,Guna
1913,Ware LLC,459004,Ujjain
1953,Dixon and Sons,418001,Ratlam
594,"Gray, Gentry and Wallace",472009,Indore
1764,Cameron-West,479007,Ujjain
245,"Meyer, Carter and Shepherd",478007,Rewa
815,Jones and Sons,457010,Jabalpur
327,"Wiley, Clayton and Erickson",473007,Bhopal
187,"Walker, Farmer and Williams",473009,Bhopal
687,Rivera PLC,418009,Ratlam
858,Oneal Ltd,474011,Gwalior
1335,Jensen-Hall,452010,Indore
105,"Smith, Porter and Abbott",453002,Bhopal
1176,Acosta-Gillespie,456004,Guna
734,Johnson-Kirk,438007,Shivpuri
840,Combs Group,453010,Bhopal
244,Simmons PLC,418005,Ratlam
1949,Davis-Allen,473012,Bhopal
343,Ramirez-Skinner,477005,Jabalpur
539,"Long, Barnes and Shannon",451008,Morena
1643,Rice Ltd,418009,Ratlam
1325,Ford-Garcia,451004,Morena
1925,"Higgins, Smith and Anderson",418009,Ratlam
330,Stewart-Kidd,478009,Rewa
709,Salazar-Thompson,472006,Indore
1288,Thompson-Jones,471005,Morena
606,"Baker, Pope and Gutierrez",456009,Guna
1344,"Barnett, Armstrong and Moreno",453010,Bhopal
140,Gonzalez and Sons,452004,Indore
1387,Kent-Smith,477009,Jabalpur
299,Cooper LLC,418009,Ratlam
1859,Robinson-Jones,472012,Indore
507,"Thompson, Torres and Thomas",451008,Morena
163,Santos and Sons,453004,Bhopal
1392,"Peters, Hill and Butler",451004,Morena
1938,Gonzalez Inc,457010,Jabalpur
1829,Villarreal Inc,474009,Gwalior
90,Brown-Hendricks,452009,Indore
1099,Joseph-Bryant,458008,Rewa
37,"Smith, Travis and Howard",474002,Gwalior
1616,"Richards, Perry and Johnson",477005,Jabalpur
1728,"Williams, Goodman and Crawford",472006,Indore
1528,Chase LLC,474008,Gwalior
1516,Palmer-Martin,453002,Bhopal
1846,Rodriguez Group,453009,Bhopal
1956,"Martin, Hoffman and Hale",438009,Shivpuri
47,"Horton, Baker and Harper",452003,Indore
1861,Johnson-Reynolds,451001,Morena
429,Clark Group,474004,Gwalior
1150,Mayo Group,477005,Jabalpur
1669,"Harris, Dean and Osborne",474004,Gwalior
1310,Wilson Group,418009,Ratlam
1105,Garcia-Smith,457008,Jabalpur
420,Martinez-Lawrence,459009,Ujjain
1599,James LLC,438003,Shivpuri
479,Keith-Knight,459010,Ujjain
1340,Barnett LLC,473007,Bhopal
1692,Martin LLC,418004,Ratlam
1380,"Davis, Ross and Martinez",471009,Morena
781,Bailey and Sons,459002,Ujjain
1680,Kerr-Hudson,438001,Shivpuri
571,Carter Group,418009,Ratlam
960,"Martin, Pratt and Coleman",438009,Shivpuri
1948,Scott-Bryant,473005,Bhopal
1328,Stevens-Frederick,453003,Bhopal
626,Ortiz and Sons,418003,Ratlam
1501,Mccarthy-Martin,456002,Guna
56,"Wagner, Davis and Hooper",474008,Gwalior
686,Lee and Sons,457004,Jabalpur
634,White-Gibbs,453003,Bhopal
180,Morales-Gonzalez,479012,Ujjain
1254,"Brown, Young and Stein",474002,Gwalior
1971,Kennedy and Sons,418012,Ratlam
1196,Peterson Ltd,451004,Morena
879,Navarro Inc,418001,Ratlam
1431,Pennington Group,452004,Indore
553,Wright-Huffman,418004,Ratlam
1574,King-Lyons,457004,Jabalpur
1070,"Jackson, Stokes and Watson",459002,Ujjain
1109,Jackson Ltd,438003,Shivpuri
1446,"Sharp, Berry and Woodard",459004,Ujjain
426,Greer-Donovan,476007,Guna
1660,George-Tate,452002,Indore
1557,Patterson and Sons,478009,Rewa
1230,Carrillo-Choi,472007,Indore
1651,"Torres, Thompson and Bonilla",476006,Guna
1298,Ramirez Inc,438002,Shivpuri
1968,"White, Richards and Quinn",476005,Guna
979,Williams-Garner,457001,Jabalpur
1905,Greene-Hall,451008,Morena
1536,"Smith, Gutierrez and Allen",457003,Jabalpur
992,Lewis LLC,477006,Jabalpur
461,Stephenson LLC,458003,Rewa
1369,"Hunter, Parks and Wright",458010,Rewa
954,"Chavez, Carpenter and Warren",438006,Shivpuri
663,Johnson-Carter,476009,Guna
1834,Lynn-Stevens,438012,Shivpuri
1551,Scott and Sons,474005,Gwalior
621,Robinson Ltd,418006,Ratlam
125,Farrell Inc,418009,Ratlam
943,Smith-Savage,418009,Ratlam
1079,Alvarado Ltd,453010,Bhopal
1668,"Perez, Serrano and Bass",474001,Gwalior
798,"Steele, Scott and Hood",438010,Shivpuri
16,Young and Sons,459009,Ujjain
1931,Gardner-Beard,474011,Gwalior
760,Bradley-Cunningham,457001,Jabalpur
413,Lin and Sons,418007,Ratlam
770,Chambers PLC,474006,Gwalior
1747,Wheeler Group,472012,Indore
1180,Gomez PLC,474012,Gwalior
530,Sharp Ltd,453003,Bhopal
957,Tanner and Sons,453002,Bhopal
1249,Ayers Ltd,471005,Morena
646,Perez Group,453008,Bhopal
1996,Cortez Ltd,457008,Jabalpur
1168,Bennett-Thompson,457002,Jabalpur
1010,Robinson Inc,478007,Rewa
766,Martin-Mcintyre,473009,Bhopal
890,"Wu, Daugherty and Kerr",451008,Morena
688,Hendricks Group,453009,Bhopal
435,"Stone, Ramirez and Cook",473007,Bhopal
656,Hogan LLC,474012,Gwalior
305,Smith-Reese,452002,Indore
296,Johnson-Stone,472007,Indore
1919,"Anderson, Lane and Farmer",471005,Morena
1874,Shelton-Gibson,418009,Ratlam
1315,"Donaldson, Ryan and Hart",479006,Ujjain
1445,Johnson Group,418009,Ratlam
493,"Clark, Edwards and Branch",458002,Rewa
545,Moreno Ltd,473012,Bhopal
1289,Smith Group,453002,Bhopal
25,Tapia LLC,479009,Ujjain
389,Bell PLC,472005,Indore
1413,"White, Gross and Saunders",476005,Guna
381,Martinez-Warren,452001,Indore
1671,Cobb-Johnson,459004,Ujjain
446,"Brown, Duke and Sanchez",474011,Gwalior
622,"Johnson, Schwartz and Hughes",473007,Bhopal
1882,Knox and Sons,459010,Ujjain
512,Bailey PLC,456003,Guna
7,Wells-Cooper,418008,Ratlam
508,Ward-Farley,472007,Indore
310,Taylor-Allen,473005,Bhopal
1892,Weber-Holland,457003,Jabalpur
52,Peterson-Davenport,456010,Guna
447,Mason-George,479006,Ujjain
1897,"Cannon, Glover and Bush",438012,Shivpuri
411,Hunt-Dean,476007,Guna
498,"Lee, Lopez and Henry",474008,Gwalior
715,"Howard, Vaughan and Bradley",471012,Morena
1035,Michael PLC,479009,Ujjain
434,Kelly-Walton,453001,Bhopal
1251,Barker and Sons,451002,Morena
891,King-Espinoza,458003,Rewa
584,Tucker and Sons,457010,Jabalpur
437,Ryan-Villanueva,474002,Gwalior
1921,"Phillips, Taylor and Winters",473012,Bhopal
1488,"Webb, Taylor and Lynch",472005,Indore
1894,"Walton, Roth and Melton",459008,Ujjain
750,Smith-White,438001,Shivpuri
839,Rangel Inc,453009,Bhopal
1405,Cole-Price,458004,Rewa
1192,Phillips-Good,418001,Ratlam
99,Roberts Ltd,456010,Guna
1657,Mclaughlin PLC,474006,Gwalior
996,Lopez-Holmes,451002,Morena
465,"Mccormick, Lewis and Martin",438001,Shivpuri
893,Torres-Mcbride,451009,Morena
1238,Mclean-Sullivan,452009,Indore
970,Williams Ltd,471006,Morena
496,Jones-Nguyen,459010,Ujjain
1965,"Hodge, Ramirez and Woods",452008,Indore
1780,Anderson LLC,453009,Bhopal
1611,Snyder Group,459004,Ujjain
97,Paul Group,452008,Indore
1983,"Arnold, Patterson and Foster",479007,Ujjain
207,"Gonzales, Smith and Thomas",473009,Bhopal
1162,Elliott-Clark,478005,Rewa
1539,Harper-Woods,438006,Shivpuri
350,"Smith, Mckinney and Sanders",474007,Gwalior
279,Hampton-Schaefer,478007,Rewa
1822,Wells-Hampton,474002,Gwalior
1830,Garner and Sons,479012,Ujjain
1661,"Snyder, Jones and Chen",418004,Ratlam
1912,Phillips-Horne,438009,Shivpuri
1540,Proctor-Cowan,438004,Shivpuri
1779,Cantrell and Sons,478012,Rewa
1317,King-Santiago,418010,Ratlam
1114,Osborne-Cox,458008,Rewa
353,Cortez-Mckee,418002,Ratlam
499,Barnes Inc,459002,Ujjain
14,"Hines, Nixon and Gonzales",478012,Rewa
702,Singh PLC,459003,Ujjain
922,Miller-Anderson,451008,Morena
1781,Smith-Wheeler,453004,Bhopal
1794,"Lowe, Perez and Richard",453010,Bhopal
214,Smith LLC,457009,Jabalpur
1622,Norton and Sons,458004,Rewa
799,Grant-Willis,479005,Ujjain
398,"Smith, Wright and Russell",453002,Bhopal
1578,Vance PLC,453002,Bhopal
1083,Jefferson and Sons,438005,Shivpuri
46,Jackson LLC,438008,Shivpuri
24,"Dawson, Roman and Hall",479009,Ujjain
1745,Sherman and Sons,418010,Ratlam
1073,Jones-Jordan,459010,Ujjain
1256,"Cantu, Obrien and Harris",459002,Ujjain
196,Clarke Ltd,457001,Jabalpur
1907,Combs-Mendoza,474006,Gwalior
384,Williams PLC,479012,Ujjain
1910,Curry-Horton,458008,Rewa
1914,"Hill, Wright and Hernandez",479005,Ujjain
170,Davis and Sons,459003,Ujjain
755,Johnson-Larsen,418009,Ratlam
355,Watson and Sons,438002,Shivpuri
1023,Cameron-Smith,459009,Ujjain
1820,Chase-English,474008,Gwalior
495,"Mendoza, Alexander and Chan",458004,Rewa
819,Golden and Sons,459002,Ujjain
611,Martinez LLC,418006,Ratlam
572,Zimmerman-Santos,438008,Shivpuri
294,Pearson-Harris,456001,Guna
1853,Martin and Sons,438012,Shivpuri
759,"Peters, Noble and Sullivan",472009,Indore
1038,Gonzalez-Richardson,476012,Guna
1385,"Spencer, Snyder and Richardson",471012,Morena
1226,Harris LLC,459010,Ujjain
1472,"Johnston, Franco and Newman",476012,Guna
1478,"Reeves, Curtis and Jones",457004,Jabalpur
1836,"Wilkerson, Stevenson and Wright",456001,Guna
1865,Fisher-Stuart,478005,Rewa
1802,Weber and Sons,453008,Bhopal
423,Cardenas PLC,418003,Ratlam
1792,Copeland and Sons,453002,Bhopal
1236,"Terry, Hampton and Johnson",453004,Bhopal
1766,Cordova-Luna,458008,Rewa
1016,Kelly Inc,418006,Ratlam
764,"Garcia, Lawrence and Robinson",438003,Shivpuri
828,Guerra-Rodriguez,472009,Indore
1567,"Wilkins, Morgan and Hudson",452001,Indore
402,Hancock Inc,452010,Indore
867,Nguyen-Baker,474008,Gwalior
1101,"Williams, Kemp and Marshall",456004,Guna
773,"Myers, Trujillo and Cunningham",418012,Ratlam
1351,Bradley-Reynolds,452010,Indore
1130,Mccoy-Curtis,453010,Bhopal
726,"Powell, Jones and Fowler",457010,Jabalpur
1808,"Warren, Riley and Pierce",438012,Shivpuri
817,Mcgrath Inc,478009,Rewa
1128,Brown-Jackson,477006,Jabalpur
883,Rivera-Thompson,472009,Indore
273,"Wilson, Mitchell and Owens",457009,Jabalpur
78,Barrera Group,438004,Shivpuri
836,"Sellers, Lynch and Kline",459004,Ujjain
986,Hughes and Sons,459008,Ujjain
1450,Chapman-Jackson,438005,Shivpuri
906,Williams LLC,438009,Shivpuri
483,Clark-Shaw,452003,Indore
201,"Hawkins, Hicks and Chambers",479009,Ujjain
282,"Reyes, Owens and Price",474011,Gwalior
1339,"Johnson, Dillon and Wilson",471006,Morena
6,"Smith, Hester and Weiss",474006,Gwalior
821,"Ellison, Lambert and Hickman",458010,Rewa
772,Wells Group,453001,Bhopal
1662,Sanchez-Allen,457001,Jabalpur
1824,"Jones, Reynolds and Rogers",478012,Rewa
1837,Walsh-Hunt,473005,Bhopal
1208,York PLC,474008,Gwalior
1448,"Phillips, Brown and Gillespie",418006,Ratlam
40,Lin-Cobb,438008,Shivpuri
1354,Fry LLC,438009,Shivpuri
796,Harris-Wright,438010,Shivpuri
63,Reed PLC,476009,Guna
1652,Gonzalez-Johnson,453002,Bhopal
146,Burgess-Mullins,473009,Bhopal
1173,Tucker Inc,456004,Guna
365,Rogers LLC,438002,Shivpuri
1777,"Jones, Caldwell and Ramirez",452004,Indore
989,Collins Group,459008,Ujjain
278,"Lee, Smith and Lopez",453003,Bhopal
492,Crawford-Fields,458003,Rewa
1327,Lee-Ortiz,471009,Morena
292,Jimenez Group,472007,Indore
159,Hernandez-Matthews,477006,Jabalpur
290,"Sanchez, Ramos and Rodriguez",458003,Rewa
1362,Buck LLC,418004,Ratlam
909,Stout-Marks,452004,Indore
784,"Miles, Perez and Murphy",476005,Guna
297,Taylor Group,456004,Guna
1506,"Shaffer, Williams and Jackson",451009,Morena
1266,Villanueva LLC,459008,Ujjain
519,Collins LLC,451004,Morena
659,"Campbell, Smith and Bell",472007,Indore
1798,"Cox, Gonzales and Jackson",453010,Bhopal
830,"Glass, Hoffman and James",452002,Indore
1654,Velasquez-Garrett,473009,Bhopal
10,Wood-Wood,457009,Jabalpur
1107,Cook and Sons,472012,Indore
1138,Duran and Sons,438005,Shivpuri
1002,"Jones, Howard and Tapia",418009,Ratlam
1241,"Mclean, Robinson and Wolfe",472006,Indore
1277,"Sanchez, Moody and Mcknight",477012,Jabalpur
974,Lambert-Buckley,453002,Bhopal
1154,"Robinson, Campbell and Buck",438003,Shivpuri
1711,Delacruz Ltd,453009,Bhopal
874,Larson and Sons,474002,Gwalior
689,Hall PLC,473007,Bhopal
1013,"Rivera, Stevens and Griffin",472007,Indore
810,"Wiley, Conway and Thompson",418002,Ratlam
1274,Cook PLC,473012,Bhopal
797,Huff-Paul,477009,Jabalpur
1454,"Davis, Meyer and Stevens",451002,Morena
632,Lewis LLC,459008,Ujjain
1493,Young-Martinez,473009,Bhopal
968,"Powers, Richards and Stevens",478006,Rewa
1679,Mcintosh and Sons,476007,Guna
1161,Walker-Morse,451002,Morena
1358,"Mathews, Johnson and Lopez",458003,Rewa
161,Ware and Sons,474002,Gwalior
1004,Marquez LLC,438008,Shivpuri
1291,Salinas PLC,479006,Ujjain
1632,Baker Ltd,459004,Ujjain
1899,Rodriguez Inc,477012,Jabalpur
1239,Huffman-Flores,438008,Shivpuri
1439,Thompson and Sons,418005,Ratlam
758,Porter PLC,476006,Guna
603,"Jones, Johnson and Webster",418010,Ratlam
587,Fitzgerald-Walsh,458003,Rewa
1693,Martinez-Mcgee,459010,Ujjain
1085,Jennings-Taylor,418005,Ratlam
1108,"Williams, Hill and Cook",458010,Rewa
119,"Kennedy, Clayton and George",451008,Morena
1360,"Moon, Fisher and Moreno",478006,Rewa
1788,Brewer-Morales,474007,Gwalior
617,"Farmer, Reese and Brewer",451002,Morena
802,Smith-Bradley,477009,Jabalpur
1465,Mccoy Inc,459003,Ujjain
1143,Ingram-Morris,477006,Jabalpur
1202,Lopez Group,474004,Gwalior
1485,"Barton, Lewis and Horton",474011,Gwalior
1753,Sanders Ltd,459001,Ujjain
1525,Vaughn-Dunlap,452008,Indore
651,Chambers-Green,418008,Ratlam
386,Carey LLC,453004,Bhopal
1437,"Hines, Cox and Reyes",477007,Jabalpur
333,Simmons Ltd,451001,Morena
826,Medina-Johnston,457003,Jabalpur
727,Lang-Andrade,438004,Shivpuri
55,Bennett PLC,457004,Jabalpur
1786,Mccoy-Walter,452002,Indore
1768,Goodman-Curry,438009,Shivpuri
188,"Munoz, Cameron and Moore",438007,Shivpuri
1419,Anderson-Contreras,452004,Indore
500,Osborne Ltd,478006,Rewa
853,"Smith, Williams and Walsh",476009,Guna
1104,"Baker, Parker and Davis",451002,Morena
1845,Cole-Hodges,457002,Jabalpur
1730,Ward Group,458009,Rewa
944,Armstrong-Sawyer,473009,Bhopal
678,"Lester, Mccoy and Coleman",418012,Ratlam
811,"Mercado, Owen and Santiago",453010,Bhopal
556,"Williams, Torres and Wilkinson",458001,Rewa
589,Hammond-Smith,471007,Morena
1966,Haynes and Sons,456001,Guna
469,"Harmon, Clements and Brown",458010,Rewa
983,Brown-King,472007,Indore
391,"Wagner, Martinez and Miller",451008,Morena
1519,Miller Ltd,451009,Morena
1341,Garcia-Johnson,479006,Ujjain
306,Shaw LLC,471007,Morena
1205,"Mcintosh, Johnson and Gillespie",459003,Ujjain
1237,Woods and Sons,474010,Gwalior
1835,"Wilcox, Smith and Baker",453009,Bhopal
745,Hicks-Henderson,474010,Gwalior
1156,"Cooper, Taylor and Bradford",472009,Indore
1357,Martinez-Johnson,418008,Ratlam
1459,Lynn Group,438004,Shivpuri
1342,Singh Group,438006,Shivpuri
563,"Brown, Payne and Gomez",457003,Jabalpur
364,Mcdonald Inc,418008,Ratlam
886,"Cook, Morales and Shaw",456003,Guna
1006,"Wagner, Hill and Rodriguez",474004,Gwalior
978,"Pena, Reilly and Walton",476006,Guna
270,Hall-Cooper,457001,Jabalpur
1269,"Cunningham, Davidson and Mcdonald",456010,Guna
664,"Harvey, Jones and Garcia",471009,Morena
1715,"Brown, Lee and Sanchez",458002,Rewa
1216,"Haynes, Ortiz and Johnson",457009,Jabalpur
335,Garcia and Sons,478005,Rewa
1704,Hale-James,479005,Ujjain
1785,Yates-Meyers,418009,Ratlam
1118,"Martinez, Scott and Rios",471007,Morena
628,"Robbins, Richards and Ramirez",457002,Jabalpur
1994,Andrews-Roberts,458010,Rewa
964,Browning and Sons,459010,Ujjain
982,"Cole, Morgan and Baker",453002,Bhopal
1265,Pittman Group,473009,Bhopal
1440,"Santiago, Lawrence and Allen",474002,Gwalior
152,Price PLC,458009,Rewa
777,Hawkins-Ramos,451001,Morena
1412,Oliver Ltd,438004,Shivpuri
667,Taylor LLC,418004,Ratlam
1286,"Jackson, Hudson and West",453004,Bhopal
1015,Richardson-Mccullough,453010,Bhopal
1416,Martin Inc,457010,Jabalpur
1831,Robbins-Torres,473012,Bhopal
1088,"Boyd, Flores and Carter",477006,Jabalpur
1969,"Walters, Mcmahon and Carter",457004,Jabalpur
1403,Saunders PLC,457004,Jabalpur
984,Allen-Richards,457002,Jabalpur
999,Pitts-Morris,473005,Bhopal
1032,Harris-Mitchell,453008,Bhopal
1783,Williams-Sanchez,456010,Guna
672,"Patton, Hogan and Spence",473009,Bhopal
286,Turner LLC,438009,Shivpuri
82,Rodriguez-Klein,472005,Indore
1687,"Nguyen, Stevens and Mcdowell",459008,Ujjain
208,Bishop-Mckenzie,438003,Shivpuri
1977,Dixon-Adams,474004,Gwalior
178,"Phillips, Greene and Williams",456009,Guna
1799,"Johnson, Little and Grant",474004,Gwalior
1332,Simmons Inc,459010,Ujjain
234,Berg-Kramer,479006,Ujjain
182,"Aguilar, Dean and Johnson",474005,Gwalior
1407,"Haney, Morales and Rodriguez",438004,Shivpuri
264,"Davidson, Allen and Brown",418009,Ratlam
769,Robinson and Sons,458010,Rewa
1737,Calderon-Daniels,457004,Jabalpur
1470,Haynes LLC,459010,Ujjain
101,"Smith, Carson and Munoz",476012,Guna
1149,Guerrero-Rosales,451004,Morena
32,Holder-Clark,459003,Ujjain
740,"Williams, Hernandez and Fowler",453010,Bhopal
1604,Clark Inc,453009,Bhopal
36,"Mcdaniel, Mann and Lee",459002,Ujjain
215,Hutchinson and Sons,418012,Ratlam
604,Johnson-Burton,456010,Guna
1121,"Reese, Smith and Sanford",438002,Shivpuri
1832,"Collins, Moore and Moore",458002,Rewa
1618,Haley LLC,438005,Shivpuri
1415,Nelson and Sons,474005,Gwalior
1379,Savage PLC,456009,Guna
23,Kent-White,473012,Bhopal
780,Simmons-Brooks,471007,Morena
1113,Rose-Collins,478009,Rewa
497,"Gonzalez, Ochoa and Spencer",418007,Ratlam
1377,Hernandez-Manning,473007,Bhopal
344,Sims Group,457003,Jabalpur
1165,Sanchez-Ward,473006,Bhopal
882,Simmons PLC,453009,Bhopal
1158,"Jenkins, Anderson and Mays",458004,Rewa
1854,Martinez-Wiley,418007,Ratlam
1029,Edwards and Sons,451001,Morena
692,"Howell, Wolfe and Carson",479009,Ujjain
752,Gonzalez-Wright,476006,Guna
703,Ramirez-Johnson,459003,Ujjain
789,Cantu LLC,438007,Shivpuri
1040,Madden Group,478005,Rewa
1950,Vaughn Ltd,474010,Gwalior
1215,Shannon-Moore,457001,Jabalpur
1980,Ingram Ltd,456008,Guna
558,Hart-Marsh,456003,Guna
1131,Donaldson Group,456008,Guna
472,Nelson-Montes,474004,Gwalior
1851,"Henry, Ramirez and Gallagher",438007,Shivpuri
1001,"Gonzalez, Martin and Carter",479005,Ujjain
425,Morris Group,472007,Indore
118,Smith-Nelson,459008,Ujjain
221,Harper-Vargas,438002,Shivpuri
969,"Reid, Jones and Williams",474009,Gwalior
1426,Collins-Taylor,459010,Ujjain
373,Lawrence-Kelley,452002,Indore
1732,Moon Inc,473005,Bhopal
1791,"Bush, Curry and Brown",458003,Rewa
912,Thomas LLC,471009,Morena
69,Mcbride-Cook,458003,Rewa
1775,Rivera PLC,438003,Shivpuri
428,Nguyen Inc,476006,Guna
843,Gomez-Hunter,438006,Shivpuri
1981,"Morgan, Tate and Smith",476006,Guna
894,Mccarty PLC,438009,Shivpuri
130,Richards PLC,438002,Shivpuri
633,"Molina, Johnson and Moore",474009,Gwalior
1532,Goodman PLC,453003,Bhopal
988,Myers-Jones,474008,Gwalior
525,"Mcgee, Robinson and Castillo",456001,Guna
1417,Mathis Ltd,474009,Gwalior
1726,Williams-Gibbs,418004,Ratlam
1048,Matthews-Ruiz,451004,Morena
550,Marks-Beck,438012,Shivpuri
1922,Perry PLC,459003,Ujjain
1735,Gray Ltd,438010,Shivpuri
1710,Phillips LLC,452010,Indore
598,Gomez-Washington,452001,Indore
1754,Hoffman Ltd,451004,Morena
1990,Williams LLC,453003,Bhopal
1573,Russo and Sons,478009,Rewa
859,"Richards, Colon and Rojas",438009,Shivpuri
732,Garcia Inc,457002,Jabalpur
1124,May-Blackwell,456004,Guna
240,Buchanan-Huerta,453008,Bhopal
1257,Huff-Stone,453010,Bhopal
561,"Thompson, Davis and Chavez",473006,Bhopal
892,"Jones, Tran and Garrett",418005,Ratlam
523,"Hall, Mitchell and Johnson",453010,Bhopal
368,Harris and Sons,418012,Ratlam
1858,Anderson-Rodriguez,438001,Shivpuri
941,Garcia-Davidson,474010,Gwalior
852,Fox-Moore,453004,Bhopal
191,Stephens-Hughes,438012,Shivpuri
564,Davies Ltd,474008,Gwalior
1346,Payne PLC,479007,Ujjain
591,Smith-Mitchell,458003,Rewa
275,"Burton, Campbell and Stewart",477007,Jabalpur
929,Abbott-Mclaughlin,438006,Shivpuri
900,Miller Inc,471006,Morena
1400,Riley PLC,458009,Rewa
280,Scott LLC,438007,Shivpuri
256,"Hayes, Torres and Chase",438009,Shivpuri
506,White-Jenkins,453009,Bhopal
919,"Jimenez, Fisher and Gilmore",472006,Indore
921,Williams-Brown,478005,Rewa
20,Mora-Reed,453001,Bhopal
1617,Contreras Inc,452004,Indore
1246,"Maxwell, Williams and Coleman",451003,Morena
577,Mathews-Graves,452003,Indore
1395,Brown Inc,477009,Jabalpur
898,Ryan Inc,474004,Gwalior
1394,"Harrison, Smith and Daniel",476005,Guna
1235,Davis-Williams,458001,Rewa
1688,"Shepherd, Lopez and Martin",459003,Ujjain
665,Johnson Inc,478012,Rewa
655,"Johnson, Patterson and Hickman",452008,Indore
31,Riley Inc,451002,Morena
748,Barrett-Chambers,476005,Guna
581,Matthews PLC,477009,Jabalpur
1119,Beltran LLC,471009,Morena
1577,Walker-Leonard,438009,Shivpuri
440,Hall-Frey,474001,Gwalior
1096,"Miranda, Mendoza and King",453002,Bhopal
1944,Lee LLC,418002,Ratlam
1619,Zimmerman Inc,451008,Morena
109,Lee PLC,478007,Rewa
491,Snow Group,479007,Ujjain
75,"Hodge, Ward and Lyons",477009,Jabalpur
395,Johnson-Rogers,478009,Rewa
538,Bradford-Walker,472005,Indore
1494,Howard-Nixon,458008,Rewa
895,Garcia and Sons,477007,Jabalpur
396,Barry PLC,451008,Morena
1815,Wilson Ltd,472007,Indore
1870,"Ortiz, Davis and Case",474008,Gwalior
62,Atkins-Smith,474008,Gwalior
1273,Alvarez-Hanson,477007,Jabalpur
28,Brewer-Knight,479009,Ujjain
1697,Chen Group,479005,Ujjain
149,Page Ltd,474008,Gwalior
1572,Serrano-Hines,438009,Shivpuri
862,Castillo-Morgan,474003,Gwalior
899,Doyle-Scott,459002,Ujjain
744,Brown LLC,438010,Shivpuri
360,Davis Ltd,438002,Shivpuri
841,"Peterson, Thompson and Lawrence",452001,Indore
18,Bush and Sons,418009,Ratlam
1929,"Diaz, Smith and Brock",438012,Shivpuri
1393,"Scott, Richardson and Ryan",458004,Rewa
1545,Harris PLC,473009,Bhopal
57,"Galvan, Meza and Goodman",474011,Gwalior
1698,"Phillips, Frost and Walters",474007,Gwalior
281,Mason-Wright,458003,Rewa
195,Blake-Rivas,452002,Indore
1427,"Berg, Jackson and Taylor",452009,Indore
445,Torres PLC,479012,Ujjain
1473,Joseph PLC,459010,Ujjain
1207,"Kaufman, Jordan and Riley",458008,Rewa
134,Taylor Inc,478007,Rewa
1194,Ramos Inc,478006,Rewa
714,Callahan-Hood,459008,Ujjain
314,"Brown, Cordova and Wilson",472005,Indore
176,Lewis-Brock,473005,Bhopal
1319,"Kelly, Yang and Bradley",458004,Rewa
1936,Williams and Sons,456003,Guna
148,Thomas and Sons,474004,Gwalior
1303,Rodriguez Inc,476012,Guna
1650,Holmes-Moyer,418010,Ratlam
1225,Garcia-Sanders,478012,Rewa
77,"Murray, Jackson and Clark",474008,Gwalior
408,Wu Inc,459008,Ujjain
1469,Petersen LLC,478005,Rewa
961,"Tate, Long and Martin",478012,Rewa
54,"Ortiz, Smith and Long",474011,Gwalior
1762,Cook-Cruz,458002,Rewa
1876,"Dominguez, Frey and Smith",438002,Shivpuri
1406,Robinson-Burke,474009,Gwalior
442,"Peters, Garcia and Foster",438012,Shivpuri
1451,"Alexander, Foster and Stokes",438007,Shivpuri
1809,"Atkins, Baker and Neal",452008,Indore
81,Torres PLC,477005,Jabalpur
1329,Carr PLC,452008,Indore
809,Heath LLC,453010,Bhopal
185,Johnson-Hayden,477006,Jabalpur
100,Bruce-Bruce,458001,Rewa
1195,Edwards-Wolfe,479005,Ujjain
1391,"Terry, Parker and Walker",438003,Shivpuri
1055,Robinson-Baldwin,474006,Gwalior
323,Sanchez-Contreras,452003,Indore
1252,"Chambers, Crosby and Doyle",459003,Ujjain
644,Johnson-Lee,456004,Guna
192,"Hicks, Shepard and Luna",451004,Morena
467,"Clayton, Vega and Gonzalez",418003,Ratlam
926,"Cabrera, Allen and Russell",473006,Bhopal
1795,Banks-Sanders,474008,Gwalior
579,"Cohen, Hamilton and Delgado",459004,Ujjain
172,King Ltd,456008,Guna
337,"Ortiz, Olson and Jackson",451001,Morena
681,"King, Lopez and Horton",477009,Jabalpur
997,Mcdonald-Lucero,471006,Morena
1188,Harper LLC,456001,Guna
807,Lang and Sons,478012,Rewa
1862,Lee-Green,474006,Gwalior
907,"Ramirez, Robinson and White",453001,Bhopal
570,"Gonzalez, Gonzalez and Smith",458009,Rewa
990,"Thompson, Brown and Gonzalez",479005,Ujjain
1878,"Cooley, Scott and Jackson",452008,Indore
531,Key-Allen,456004,Guna
358,Cruz-Alvarado,459004,Ujjain
1546,"Moore, Booth and Ryan",478006,Rewa
605,Oliver Group,438008,Shivpuri
250,"Johnson, Moran and Bryant",438007,Shivpuri
1585,Navarro and Sons,472009,Indore
720,Stafford-Cline,438012,Shivpuri
9,Burke-Myers,438001,Shivpuri
1887,"Byrd, Oneill and Buchanan",418005,Ratlam
897,"Maxwell, Vang and Peterson",452003,Indore
1242,Gonzalez Ltd,451010,Morena
1825,Navarro-Marks,477007,Jabalpur
1550,Stewart Group,438009,Shivpuri
174,Burns Ltd,474010,Gwalior
1182,Parker-Ward,451003,Morena
1137,Ellis-Turner,452008,Indore
724,Medina-Cooper,458003,Rewa
121,Miller PLC,453009,Bhopal
1995,Hammond-Perkins,477012,Jabalpur
582,"Farley, Lopez and Garner",476007,Guna
1153,"Garcia, Owen and Dennis",451004,Morena
1771,Mayo Ltd,438012,Shivpuri
955,Curry-Powell,453003,Bhopal
1479,Bradley LLC,457004,Jabalpur
1187,"Walker, Wyatt and White",458002,Rewa
956,Huerta-Lane,458008,Rewa
1347,Singleton-Bishop,476006,Guna
1312,Davenport-Cook,438005,Shivpuri
1078,Malone and Sons,456008,Guna
741,Fox-Summers,473005,Bhopal
61,"Allen, Lindsey and Russo",451002,Morena
1759,Rivera-Powell,453003,Bhopal
782,"Dixon, Andrews and Smith",452001,Indore
209,Hernandez-Stevens,478009,Rewa
1958,Merritt Ltd,438003,Shivpuri
993,"Ortiz, Johnson and Jones",438008,Shivpuri
761,"Ellis, Nguyen and Martinez",453001,Bhopal
1900,"Young, Woodard and Rivera",473009,Bhopal
650,Jenkins Inc,474007,Gwalior
1389,Cline-Gonzalez,479006,Ujjain
1204,Harmon-Morgan,453004,Bhopal
241,Bell-Adams,451002,Morena
544,"Clark, Pineda and Ortega",438006,Shivpuri
455,Nichols and Sons,457001,Jabalpur
1355,Hernandez-Christensen,457004,Jabalpur
1889,"Gilbert, Petersen and Clements",474009,Gwalior
1424,Perez-Rodriguez,456003,Guna
1552,Anderson-Little,459009,Ujjain
849,"Price, Campbell and Ward",456004,Guna
920,Martin-Lawrence,418007,Ratlam
394,"Lopez, Johnson and Banks",453001,Bhopal
1068,Lambert-Foley,453004,Bhopal
76,Lyons-Gallegos,418006,Ratlam
557,"Cardenas, Jones and Bartlett",459002,Ujjain
873,Ford and Sons,474005,Gwalior
135,Smith-Chan,457003,Jabalpur
1690,Gregory and Sons,457001,Jabalpur
875,Mckinney Ltd,418001,Ratlam
767,King-Kelley,474009,Gwalior
1059,"Christian, Pena and Daniels",458009,Rewa
1386,Christensen-Gray,451001,Morena
1033,Flores Ltd,459004,Ujjain
1957,Ford Inc,438007,Shivpuri
1962,Anderson-Johnson,472007,Indore
1320,Cherry-Hernandez,472007,Indore
1164,"Mathews, Nguyen and Campbell",473007,Bhopal
870,"Jones, Nguyen and Pennington",458009,Rewa
1092,Acosta-Wilson,456002,Guna
670,Coleman PLC,453002,Bhopal
1927,"Chambers, Scott and Cole",478009,Rewa
1682,Hodge LLC,456003,Guna
1967,Bradshaw LLC,474001,Gwalior
1330,Newman-Aguirre,474004,Gwalior
1789,"Olson, Christian and Lutz",418008,Ratlam
1748,Adams LLC,438003,Shivpuri
202,Russell-Lewis,459010,Ujjain
1307,Wood-Campbell,438003,Shivpuri
1646,"Carlson, Stout and Martin",478005,Rewa
1952,Hall-Anderson,478005,Rewa
167,Brown-Schroeder,452008,Indore
785,Vasquez PLC,478009,Rewa
1368,Poole-Reyes,438002,Shivpuri
147,"Newton, Hampton and Mitchell",418002,Ratlam
1974,Martinez PLC,451004,Morena
197,Berg-Morris,474004,Gwalior
1884,"Contreras, Rose and Dalton",472005,Indore
1677,Robinson-Goodwin,471006,Morena
562,"Jordan, Castillo and Jones",453008,Bhopal
224,Payne-Guzman,456004,Guna
164,Kent-Alvarez,456009,Guna
26,"Mcpherson, Horton and Howard",452002,Indore
1533,"Mcgrath, Wilson and Estrada",459002,Ujjain
510,"Smith, Wright and Johnson",473007,Bhopal
952,Sullivan-Case,452009,Indore
861,Lewis Inc,456004,Guna
1014,Guerrero-Schmitt,452008,Indore
1992,Oliver-Tucker,474010,Gwalior
1264,"Douglas, Doyle and Wilkins",478007,Rewa
1102,Young Inc,459009,Ujjain
1290,Sims Inc,452010,Indore
1706,Hudson LLC,457001,Jabalpur
397,Duran Ltd,418007,Ratlam
935,Terry LLC,477006,Jabalpur
1281,"Sweeney, Williams and Vasquez",476005,Guna
942,Adams-Graham,471009,Morena
916,Doyle and Sons,473006,Bhopal
487,"Rosario, Wright and Torres",471006,Morena
1135,Holmes-Rosales,453003,Bhopal
1607,Smith and Sons,453002,Bhopal
905,"Lozano, Madden and Baldwin",474004,Gwalior
1529,Cooper-Hurst,477012,Jabalpur
1672,Davenport-Willis,456009,Guna
157,Ramirez PLC,458001,Rewa
1060,"Greene, Ray and Jones",478006,Rewa
1200,"Haynes, Robertson and Burns",451009,Morena
1712,Gross-Li,452003,Indore
1565,Rogers-Mayo,457003,Jabalpur
1467,Dennis Group,457002,Jabalpur
1112,"Taylor, Dodson and Smith",438008,Shivpuri
1568,Jones-Torres,418012,Ratlam
924,Jackson Ltd,456001,Guna
424,"Simpson, Stewart and Walker",472006,Indore
1300,"Moore, Cooper and Potts",418006,Ratlam
1397,Sosa Ltd,458004,Rewa
827,Rodriguez-James,418009,Ratlam
511,"Hill, Torres and Chapman",453010,Bhopal
372,Walters LLC,471007,Morena
645,Farley LLC,459009,Ujjain
958,Oneal Group,459003,Ujjain
1755,"Chang, Williams and Ross",456004,Guna
41,Ruiz Inc,438004,Shivpuri
1065,"Cherry, Wallace and Dorsey",452003,Indore
210,Wong Ltd,459008,Ujjain
824,Smith LLC,452009,Indore
1489,Miller PLC,476006,Guna
376,"Moore, Moody and Delgado",418007,Ratlam
68,Wolf-Winters,456004,Guna
181,"Hicks, Brown and Torres",418009,Ratlam
1843,Medina Group,459002,Ujjain
1034,Lopez Inc,471009,Morena
962,"Hernandez, White and Miller",457004,Jabalpur
329,Johnson-Melton,477009,Jabalpur
746,Byrd Ltd,438009,Shivpuri
443,"Estrada, Payne and Floyd",438008,Shivpuri
795,Martin LLC,457003,Jabalpur
136,Anthony Ltd,457003,Jabalpur
183,Evans Group,452010,Indore
607,"Hernandez, Arroyo and Lambert",418006,Ratlam
972,"Conrad, Boyd and Burke",474009,Gwalior
1924,Henry Inc,457008,Jabalpur
1659,"Jenkins, Johnson and Brown",456003,Guna
1100,Martinez PLC,474008,Gwalior
1606,Armstrong-Lee,474005,Gwalior
293,Powers-Fernandez,458002,Rewa
1589,Smith-Barry,473012,Bhopal
83,"Taylor, Jones and Faulkner",438002,Shivpuri
1515,Munoz-Thompson,474003,Gwalior
1517,Walker-Gonzalez,474007,Gwalior
126,Brown-Briggs,452002,Indore
813,"Bennett, Silva and Nicholson",478007,Rewa
658,Morrison PLC,458003,Rewa
316,Guzman Group,473007,Bhopal
625,Garcia-Walters,478005,Rewa
315,Bates PLC,478006,Rewa
1841,Ross-Strong,438005,Shivpuri
390,"Collier, Tyler and Cummings",451008,Morena
200,Moore-West,438006,Shivpuri
132,Campbell-Gonzales,459010,Ujjain
1534,Snow Group,456003,Guna
1433,Young Inc,458010,Rewa
1166,Peterson Ltd,453004,Bhopal
1012,Shaffer Ltd,452004,Indore
312,"Marquez, Lewis and Clay",477009,Jabalpur
710,"Montgomery, Scott and Gonzales",451002,Morena
50,"Hughes, Mccarty and Kennedy",418002,Ratlam
675,Jackson-Smith,418009,Ratlam
844,King and Sons,456003,Guna
904,"Robinson, Barker and Hughes",418004,Ratlam
236,King LLC,418008,Ratlam
1036,Rodriguez-Ortiz,438004,Shivpuri
1491,Soto Inc,451002,Morena
206,Miranda-Barker,471009,Morena
1720,"Rich, Mooney and Powers",476009,Guna
388,"Carlson, Nash and Cunningham",453010,Bhopal
414,"White, Mcdaniel and Allen",474001,Gwalior
1490,"Castillo, Weeks and Cabrera",418004,Ratlam
629,Gonzalez PLC,458010,Rewa
1106,Blanchard-Nelson,453002,Bhopal
1634,Clark-Clark,457004,Jabalpur
171,Davis PLC,456010,Guna
693,Martin Group,451008,Morena
379,Lucas-Schwartz,456001,Guna
1598,"Clements, Day and Howell",453004,Bhopal
339,"Miller, Lopez and Moore",418009,Ratlam
361,Campbell Inc,453010,Bhopal
725,"Rivera, Brown and Green",457009,Jabalpur
975,Walker Inc,452001,Indore
1725,"Walton, Mayer and Ferrell",451010,Morena
713,Glenn-Greene,473007,Bhopal
1729,Robinson Inc,452009,Indore
697,Wells Inc,457001,Jabalpur
1441,Lawrence-Young,453002,Bhopal
1714,Bennett and Sons,456001,Guna
1561,Cooper PLC,438004,Shivpuri
1019,Porter Ltd,474003,Gwalior
220,"Velazquez, Hernandez and Adams",471006,Morena
1460,Lee-Holland,457003,Jabalpur
1229,"Perry, Ortiz and Allen",418002,Ratlam
1750,Lopez-Davis,456002,Guna
623,Gates-Allen,453009,Bhopal
19,Robinson Ltd,471007,Morena
1308,Gardner-Richards,458004,Rewa
1801,"Jones, Hart and Taylor",476006,Guna
868,Mathis and Sons,438007,Shivpuri
271,Lopez-Mclean,458001,Rewa
114,Lewis Group,474005,Gwalior
400,Leon Inc,456001,Guna
474,Parks-Martinez,476007,Guna
204,Perez-Bates,452004,Indore
308,Macias-Pope,477006,Jabalpur
259,"Rhodes, Fowler and Morales",456008,Guna
1811,Higgins Ltd,456004,Guna
266,Wise LLC,478005,Rewa
482,Howard-Munoz,418009,Ratlam
1090,"Rosario, Becker and Gutierrez",459008,Ujjain
405,Rangel PLC,438002,Shivpuri
1855,"Sheppard, Hendricks and Murray",453008,Bhopal
549,Sullivan-Williams,472012,Indore
991,Goodman Group,438006,Shivpuri
383,Kim-Nelson,473005,Bhopal
1674,Reed-Smith,451008,Morena
1384,"Sawyer, Chang and Carlson",474001,Gwalior
1988,Silva PLC,458010,Rewa
1435,Wells and Sons,474001,Gwalior
17,Steele-Webster,458003,Rewa
1590,Luna LLC,451010,Morena
1928,"Farrell, Moore and Brandt",456003,Guna
554,"Martinez, Lewis and Bennett",457010,Jabalpur
533,"Jackson, Woodward and Gonzalez",459003,Ujjain
1333,Moore-Sanchez,474002,Gwalior
1072,Hall-Khan,471005,Morena
1367,"Hernandez, Wright and Lane",477006,Jabalpur
814,Kennedy LLC,478005,Rewa
775,Bradley-Morse,438004,Shivpuri
1353,"Anderson, Taylor and Garcia",451001,Morena
747,"Franklin, Butler and Garcia",473009,Bhopal
369,Moore Group,453004,Bhopal
1030,"Golden, Parks and Schwartz",418004,Ratlam
1221,"Jennings, Sanders and Perry",478012,Rewa
915,Juarez-Walters,458003,Rewa
1481,Brooks and Sons,473006,Bhopal
1930,"Mitchell, Ford and Hopkins",459001,Ujjain
928,"Baker, Richardson and Blanchard",474008,Gwalior
274,Hamilton-Tate,453008,Bhopal
980,Bush-Rich,477007,Jabalpur
98,"Jenkins, Sanders and Davis",458001,Rewa
1537,Campbell and Sons,438003,Shivpuri
15,"Fields, Barker and Matthews",452010,Indore
309,"Dunn, Mcguire and Evans",472012,Indore
1641,"Holden, Allen and Owens",474009,Gwalior
203,Ross-Young,451008,Morena
404,"Smith, Galvan and Tucker",456002,Guna
1684,Watkins-Perkins,438006,Shivpuri
1856,Miller-Christian,438002,Shivpuri
1873,"Soto, Graham and Cummings",438004,Shivpuri
189,Williams Inc,438010,Shivpuri
1548,"Thomas, Jenkins and Klein",459004,Ujjain
542,Armstrong PLC,459003,Ujjain
863,"Jackson, Harris and Johnson",458009,Rewa
288,Strong-Robinson,418003,Ratlam
911,Marsh-Murphy,471012,Morena
1765,Jones-Anderson,476012,Guna
513,Brown-Cox,474012,Gwalior
1778,"Thompson, Wilson and Lawson",453008,Bhopal
213,Harris-Walters,438012,Shivpuri
319,"Hill, Bryant and Bailey",458001,Rewa
1678,"Love, Owens and Woods",452002,Indore
695,Rogers-Clark,471012,Morena
29,Campbell PLC,456004,Guna
751,Small-Hoffman,438012,Shivpuri
776,"Guzman, Robinson and Keller",471009,Morena
1181,Jenkins-Schwartz,477009,Jabalpur
301,Wilson PLC,473006,Bhopal
1975,Franklin Group,471006,Morena
1909,Johnson-Marquez,451004,Morena
1562,Frazier Inc,418004,Ratlam
1345,Townsend-Adams,451008,Morena
1007,Reynolds Group,474007,Gwalior
1556,Edwards-Murray,472006,Indore
1553,"Leblanc, Alvarez and Downs",473005,Bhopal
1718,"Torres, Bennett and Watson",474012,Gwalior
1951,"Ellis, Conway and Lewis",452002,Indore
1280,Davis-Bates,438009,Shivpuri
1349,Hudson PLC,474008,Gwalior
1774,"Howard, Wells and Ross",474012,Gwalior
1640,Reed-Patterson,458001,Rewa
1615,Hill-Silva,459008,Ujjain
1723,"Meyers, Chavez and Dawson",477006,Jabalpur
1767,"Stuart, Williams and Brown",457002,Jabalpur
1625,Baker Inc,474011,Gwalior
1742,Petty Ltd,474008,Gwalior
649,"Duran, Woods and Madden",474002,Gwalior
143,Rivera-Torres,458002,Rewa
903,"Lewis, Parks and Miller",457008,Jabalpur
113,"Alvarado, Griffin and Joseph",456002,Guna
1579,Gray PLC,418009,Ratlam
1381,Smith and Sons,478005,Rewa
66,Johnson Inc,452009,Indore
1151,Bridges Ltd,474003,Gwalior
871,Gibbs-Rogers,474006,Gwalior
614,Ferguson Ltd,453003,Bhopal
908,Evans LLC,453003,Bhopal
150,Stuart-Graham,471006,Morena
1453,"Mueller, Dixon and Morton",438012,Shivpuri
1917,"Peterson, Rodriguez and Welch",438002,Shivpuri
1449,Fox and Sons,452010,Indore
1591,Smith-Vasquez,476009,Guna
1978,Brown-Solomon,474005,Gwalior
1601,Shaw Inc,478012,Rewa
683,Holmes-Lawson,452001,Indore
1844,"Whitaker, Maddox and Kemp",471007,Morena
387,Mcgee LLC,457004,Jabalpur
1022,Moses and Sons,438008,Shivpuri
363,Ibarra LLC,474011,Gwalior
1294,Mcmillan-Hernandez,418006,Ratlam
139,Wheeler Inc,457004,Jabalpur
260,"Stephens, Young and Sharp",478012,Rewa
1175,"Bryant, Ramirez and Turner",456008,Guna
1275,Barker-Adams,457008,Jabalpur
1583,"Johnson, Moore and Hernandez",438002,Shivpuri
966,Hebert LLC,472007,Indore
1670,Burke Group,438009,Shivpuri
618,Perez-Peterson,474011,Gwalior
643,Hernandez LLC,453003,Bhopal
541,Cervantes-Cowan,451009,Morena
4,Warren-Bruce,474005,Gwalior
449,Garcia-Robinson,479012,Ujjain
277,"Bryant, Larsen and Scott",452004,Indore
1081,Daniels PLC,451010,Morena
1998,Stewart-Cain,476012,Guna
1961,"Elliott, Barnett and Fowler",479012,Ujjain
1521,Martinez-Norton,457003,Jabalpur
1271,Carlson-Kelly,453003,Bhopal
454,White-Kline,457004,Jabalpur
1338,Gross-Moore,459001,Ujjain
1740,Perez Inc,451002,Morena
107,Russell-Martin,478005,Rewa
1500,Richardson-Todd,472009,Indore
1314,"Young, Phillips and Jones",459002,Ujjain
1964,Kerr Group,418004,Ratlam
939,Stevens-Evans,479012,Ujjain
615,Joyce-Martin,456004,Guna
1050,"Chapman, Ward and Kelley",459009,Ujjain
749,Reyes-Navarro,456002,Guna
1144,Price-Hernandez,473012,Bhopal
489,Barry-Carlson,438007,Shivpuri
1918,"Moore, Reid and Middleton",452003,Indore
84,Alvarado-Snyder,457010,Jabalpur
1571,Thomas LLC,459002,Ujjain
1549,Todd-Pitts,472009,Indore
1285,Jacobson PLC,453001,Bhopal
937,Lopez LLC,452009,Indore
452,"Booker, Roberts and Harper",451001,Morena
1174,"Brady, Evans and Cox",479009,Ujjain
325,Lewis Inc,452003,Indore
265,Fields and Sons,474010,Gwalior
1334,"Scott, Small and Simpson",418009,Ratlam
1756,Tate and Sons,471009,Morena
349,Martin LLC,477007,Jabalpur
925,"Wright, Pham and Wilson",457010,Jabalpur
1514,"Cortez, Martinez and Buchanan",474009,Gwalior
298,Morgan LLC,459008,Ujjain
1052,Conner-Williams,474005,Gwalior
1227,Haynes Ltd,452004,Indore
1816,Martinez-Petersen,474004,Gwalior
1507,Burns-Mayo,474003,Gwalior
255,Burton Ltd,438007,Shivpuri
393,Lewis-Robinson,474001,Gwalior
1487,Potter PLC,473012,Bhopal
42,Valdez-Smith,438012,Shivpuri
450,Gutierrez and Sons,418009,Ratlam
1595,"Robinson, Howe and Sparks",452002,Indore
1443,George Ltd,458009,Rewa
1543,Mckinney-Melendez,456002,Guna
608,Sparks-Tate,474010,Gwalior
834,Adams Inc,477009,Jabalpur
359,Austin-Holland,473006,Bhopal
546,"Alexander, Atkins and Mcdaniel",474002,Gwalior
1147,"Alvarez, Smith and Riley",459010,Ujjain
1782,Riley Ltd,471009,Morena
660,Roberts-Frank,452003,Indore
1258,Smith-Bennett,438003,Shivpuri
1432,Hamilton LLC,473012,Bhopal
1260,Martin-Cook,418010,Ratlam
1447,Hunter Group,459003,Ujjain
351,Brown and Sons,438003,Shivpuri
362,"Moreno, Long and Bell",458001,Rewa
129,Sharp Inc,474011,Gwalior
1597,Miller and Sons,438004,Shivpuri
223,"Pope, Johnson and Collins",451002,Morena
808,"Barker, Hendricks and Thomas",477012,Jabalpur
682,Norman Ltd,474009,Gwalior
1313,"Sharp, Young and Matthews",438002,Shivpuri
347,"Malone, Beltran and Roberts",474003,Gwalior
1708,Nichols Ltd,418004,Ratlam
574,Sanchez Group,479012,Ujjain
823,"Carr, Hampton and Palmer",457008,Jabalpur
1008,Garza-Jenkins,458003,Rewa
1647,Hunter-Henry,472012,Indore
536,"Watson, Johnson and Raymond",474010,Gwalior
1486,"Henderson, Delacruz and Yoder",456009,Guna
620,Walker Inc,459004,Ujjain
1212,Spencer-Morgan,477009,Jabalpur
768,Velasquez LLC,471012,Morena
1152,Herrera Inc,471006,Morena
371,"Rowe, Sexton and Harrell",474005,Gwalior
1066,"Lopez, Williams and Conley",452002,Indore
1880,Kerr-Bright,438006,Shivpuri
731,Nichols-Ponce,438001,Shivpuri
1744,Morris-Hardy,471005,Morena
963,Graham PLC,474007,Gwalior
284,Cervantes-Flores,477006,Jabalpur
1024,Sanders and Sons,471007,Morena
179,"Bradley, Williams and Jacobs",418004,Ratlam
1695,Roy LLC,438012,Shivpuri
251,"Mcdonald, Barnes and Ward",457010,Jabalpur
516,"Brown, Wagner and Richardson",473005,Bhopal
261,"Sanford, Nguyen and Rice",452010,Indore
1694,Frank-Evans,418003,Ratlam
1716,Gonzalez Ltd,453008,Bhopal
475,Herrera-Weaver,453009,Bhopal
1518,Garcia-Lee,471007,Morena
1942,Benton-Kaiser,474007,Gwalior
481,Beltran Ltd,476012,Guna
1475,Lewis-Davis,476012,Guna
832,Hall Group,456008,Guna
1051,Thomas-Keith,438004,Shivpuri
872,"Medina, Sullivan and Marquez",452009,Indore
175,Freeman-Chavez,418012,Ratlam
733,"Rhodes, Ryan and Walls",459004,Ujjain
1503,"Chavez, Yates and Parker",458003,Rewa
588,Walton Ltd,438002,Shivpuri
936,Wilcox-Nelson,458002,Rewa
1760,Cain-Tyler,453008,Bhopal
104,Anderson-Harrell,453001,Bhopal
1581,Hoffman Inc,438007,Shivpuri
1129,Jenkins-Vance,459003,Ujjain
1025,Payne LLC,474005,Gwalior
1388,"Owens, Smith and Smith",458010,Rewa
1422,Wilson Inc,438009,Shivpuri
1757,"Clements, Meyer and Spencer",456004,Guna
1713,Lopez-Bauer,438012,Shivpuri
441,Davis-Rodriguez,476007,Guna
1120,Moreno-Cole,451001,Morena
668,Torres-Kelly,474003,Gwalior
1923,Morris Ltd,479012,Ujjain
269,Green-Walsh,452004,Indore
1621,Jacobs and Sons,458004,Rewa
1141,Olson Group,457001,Jabalpur
1463,"Sanchez, Castro and Hawkins",474003,Gwalior
486,Suarez Inc,451001,Morena
661,"Weber, Edwards and Cooper",474008,Gwalior
857,"Brown, Carrillo and Carter",476006,Guna
128,Clark Inc,451008,Morena
1123,Smith Ltd,478006,Rewa
1436,Collins LLC,458004,Rewa
637,Adams and Sons,478012,Rewa
576,Soto PLC,479012,Ujjain
177,Walker-Russell,418003,Ratlam
1823,Parrish-Hoffman,472007,Indore
1645,Kaufman-Nicholson,456009,Guna
1686,Johnson-Scott,456003,Guna
1976,"Colon, Olsen and Phelps",457001,Jabalpur
1462,Smith and Sons,473009,Bhopal
1635,Gonzales LLC,477006,Jabalpur
580,Ewing-Williams,418004,Ratlam
1217,"Acosta, Schmidt and Harvey",476006,Guna
967,Sexton Ltd,457002,Jabalpur
409,Stewart-Smith,456010,Guna
1057,Stanley-Nichols,458010,Rewa
1560,Anderson-Fitzpatrick,476009,Guna
1184,"Jackson, Henson and Vasquez",459003,Ujjain
120,Potter-Watkins,418001,Ratlam
217,"Robertson, Mccoy and Mitchell",452002,Indore
366,Hill LLC,476007,Guna
490,"Walters, Carter and Jackson",451003,Morena
230,"Hunter, Melendez and Davis",453002,Bhopal
786,Green and Sons,452002,Indore
529,Mack-Wilson,479005,Ujjain
444,Jimenez Inc,438008,Shivpuri
1292,Richardson-Smith,457008,Jabalpur
51,Kennedy-Yoder,453008,Bhopal
865,Mcmillan PLC,457001,Jabalpur
596,Moon-Martin,457008,Jabalpur
887,"Robinson, Thomas and Murray",452010,Indore
1262,Watson LLC,457001,Jabalpur
1806,Lowe-Martinez,418002,Ratlam
1185,Sherman LLC,456004,Guna
1103,"Mendoza, Stein and Kaufman",477009,Jabalpur
1373,Torres Ltd,438010,Shivpuri
877,Dominguez-Fitzpatrick,476009,Guna
1169,Stevenson LLC,418009,Ratlam
1513,Lopez LLC,459003,Ujjain
1727,"Rivera, Baker and Moore",418002,Ratlam
1699,Bradshaw-Davis,456008,Guna
1819,"Carlson, Mitchell and Thompson",474008,Gwalior
705,Moran-Martin,479006,Ujjain
1366,Tate-Turner,478012,Rewa
1848,Hernandez-Lewis,478006,Rewa
1526,Vincent-Glenn,452003,Indore
528,Navarro Ltd,477006,Jabalpur
913,"Sanford, Long and Jones",418007,Ratlam
1833,"Jenkins, Holden and Ali",478012,Rewa
340,"Cook, Simpson and Brown",438010,Shivpuri
1140,Perez PLC,473006,Bhopal
1471,Frazier PLC,438001,Shivpuri
1605,"Hoffman, Buck and Clark",478006,Rewa
1336,"Rodriguez, Shepard and Gonzalez",451002,Morena
477,Carson-Greene,472012,Indore
1739,"Roberts, Briggs and King",472006,Indore
1588,Hurst-Baker,438005,Shivpuri
1903,"King, Torres and Rodriguez",472006,Indore
1061,"Cox, Henry and Hicks",474002,Gwalior
1871,"Fields, Sosa and Dudley",438009,Shivpuri
233,Marshall-Tran,479007,Ujjain
1986,"Riddle, Butler and Villa",456009,Guna
1890,"Green, Serrano and Parker",473012,Bhopal
418,"Jones, Stevens and Jones",438004,Shivpuri
1177,"Jackson, Gonzalez and Haynes",451002,Morena
1804,Rogers-Ford,451001,Morena
1126,Johnson-Russell,473007,Bhopal
263,"Nichols, Kim and Medina",456002,Guna
1985,"Delacruz, Moore and Murray",453004,Bhopal
49,Reynolds Inc,473006,Bhopal
1094,Horne-Macdonald,458004,Rewa
166,Peterson and Sons,474006,Gwalior
59,"Padilla, Green and Hines",452002,Indore
438,Evans-Rivera,473005,Bhopal
430,Greene Inc,472005,Indore
842,"Gomez, Ramirez and Flores",438005,Shivpuri
285,Kennedy Group,471012,Morena
138,Tran-Williams,418010,Ratlam
108,"Morales, James and Velazquez",438009,Shivpuri
1502,Smith LLC,456002,Guna
1796,Carlson-Reid,438004,Shivpuri
1850,"Jones, Greer and Martinez",478012,Rewa
940,"Pruitt, Watkins and Murphy",472012,Indore
1232,"Hill, Day and Tran",456002,Guna
1960,Ross Group,457002,Jabalpur
1763,"Robertson, Oliver and Gonzalez",457002,Jabalpur
729,"Collier, Kaiser and Rowe",473007,Bhopal
560,Ruiz-Roman,418003,Ratlam
1531,Miller PLC,474003,Gwalior
612,Walker LLC,457003,Jabalpur
451,Brennan PLC,418010,Ratlam
67,"Smith, Reed and Sims",476006,Guna
730,"Washington, Bennett and Lloyd",474009,Gwalior
137,Thomas-Benson,456001,Guna
226,Edwards-Williams,477012,Jabalpur
779,Fuentes-Freeman,472012,Indore
1159,"Rose, Martin and Shelton",438012,Shivpuri
1425,Lam LLC,479005,Ujjain
53,"Hicks, Rogers and Dixon",453009,Bhopal
1559,"Rodriguez, Hayes and Hampton",472012,Indore
514,"Armstrong, Hughes and Conway",479012,Ujjain
1717,Clark Ltd,476005,Guna
1009,"Massey, Delgado and Curtis",457009,Jabalpur
1633,Evans and Sons,418010,Ratlam
1028,Anderson-Williams,474007,Gwalior
1211,Martinez-Johnson,471009,Morena
1076,Barajas-Smith,457004,Jabalpur
1864,"Lee, Parker and White",459008,Ujjain
949,French Inc,474004,Gwalior
1544,Johnson Group,418009,Ratlam
1206,"Castillo, Rice and Greer",453010,Bhopal
654,Smith-Johns,453010,Bhopal
262,"Robertson, Cross and Jordan",453002,Bhopal
1466,Smith LLC,458002,Rewa
1067,"Reese, Malone and Johns",452008,Indore
1863,Jordan-Duncan,452002,Indore
421,Garner Inc,458009,Rewa
151,Chavez LLC,472009,Indore
1891,Turner-Hoffman,476006,Guna
1142,"Reynolds, Washington and Andrade",474002,Gwalior
332,"Wolf, Hernandez and Decker",472009,Indore
